등록일시,총사망자,총확진자,기준일,기준시간,수정일시,누적의심자,누적확진율,일일사망자,일일확진자
2020-03-10 00:00:00.000,54,7513,20200310,00:00,2021-10-07 10:30:51.51,210144.0,3.919308057,0.0,0.0
2020-03-11 00:00:00.000,60,7755,20200311,00:00,2021-10-07 10:30:51.51,222395.0,3.804174536,6.0,242.0
2020-03-12 00:00:00.000,66,7869,20200312,00:00,2021-10-07 10:30:51.51,234998.0,3.621744273,6.0,114.0
2020-03-13 00:00:00.000,67,7979,20200313,00:00,2021-10-07 10:30:51.51,248647.0,3.458499309,1.0,110.0
2020-03-14 00:00:00.000,72,8086,20200314,00:00,2021-10-07 10:30:51.51,261335.0,3.318000336,5.0,107.0
2020-03-15 00:00:00.000,75,8162,20200315,00:00,2021-10-07 10:30:51.51,268212.0,3.239660237,3.0,76.0
2020-03-16 00:00:00.000,75,8236,20200316,00:00,2021-10-07 10:30:51.51,274504.0,3.173392208,0.0,74.0
2020-03-17 00:00:00.000,81,8320,20200317,00:00,2021-10-07 10:30:51.51,286716.0,3.088057901,6.0,84.0
2020-03-18 00:00:00.000,84,8413,20200318,00:00,2021-10-07 10:30:51.51,295647.0,3.012162506,3.0,93.0
2020-03-19 00:00:00.000,91,8565,20200319,00:00,2021-10-07 10:30:51.51,307024.0,2.942085738,7.0,152.0
2020-03-20 00:00:00.000,94,8652,20200320,00:00,2021-10-07 10:30:51.51,316664.0,2.873091828,3.0,87.0
2020-03-21 00:00:00.000,102,8799,20200321,00:00,2021-10-07 10:30:51.51,327509.0,2.82195603,8.0,147.0
2020-03-22 00:00:00.000,104,8897,20200322,00:00,2021-10-07 10:30:51.51,331780.0,2.804501324,2.0,98.0
2020-03-23 00:00:00.000,111,8961,20200323,00:00,2021-10-07 10:30:51.51,338036.0,2.762262336,7.0,64.0
2020-03-24 00:00:00.000,120,9037,20200324,00:00,2021-10-07 10:30:51.51,348582.0,2.712657065,9.0,76.0
2020-03-25 00:00:00.000,126,9137,20200325,00:00,2021-10-07 10:30:51.51,357896.0,2.659057442,6.0,100.0
2020-03-26 00:00:00.000,131,9241,20200326,00:00,2021-10-07 10:30:51.51,364942.0,2.635970254,5.0,104.0
2020-03-27 00:00:00.000,139,9332,20200327,00:00,2021-10-07 10:30:51.51,376961.0,2.579739151,8.0,91.0
2020-03-28 00:00:00.000,144,9478,20200328,00:00,2021-10-07 10:30:51.51,387925.0,2.552233541,5.0,146.0
2020-03-29 00:00:00.000,152,9583,20200329,00:00,2021-10-07 10:30:51.51,394141.0,2.527742388,8.0,105.0
2020-03-30 00:00:00.000,158,9661,20200330,00:00,2021-10-07 10:30:51.51,398902.0,2.506934876,6.0,78.0
2020-03-31 00:00:00.000,162,9786,20200331,00:00,2021-10-07 10:30:51.51,410564.0,2.485825764,4.0,125.0
2020-04-01 00:00:00.000,165,9887,20200401,00:00,2021-10-07 10:30:51.51,421547.0,2.441463644,3.0,101.0
2020-04-02 00:00:00.000,169,9976,20200402,00:00,2021-10-07 10:30:51.51,431743.0,2.410488622,4.0,89.0
2020-04-03 00:00:00.000,174,10062,20200403,00:00,2021-10-07 10:30:51.51,443273.0,2.371072072,5.0,86.0
2020-04-04 00:00:00.000,177,10156,20200404,00:00,2021-10-07 10:30:51.51,455032.0,2.33531392,3.0,94.0
2020-04-05 00:00:00.000,183,10237,20200405,00:00,2021-10-07 10:30:51.51,461233.0,2.317835811,6.0,81.0
2020-04-06 00:00:00.000,186,10284,20200406,00:00,2021-10-07 10:30:51.51,466804.0,2.298054341,3.0,47.0
2020-04-07 00:00:00.000,192,10331,20200407,00:00,2021-10-07 10:30:51.51,477304.0,2.262325524,6.0,47.0
2020-04-08 00:00:00.000,200,10384,20200408,00:00,2021-10-07 10:30:51.51,486003.0,2.218116182,8.0,53.0
2020-04-09 00:00:00.000,204,10423,20200409,00:00,2021-10-07 10:30:51.51,494711.0,2.175074395,4.0,39.0
2020-04-10 00:00:00.000,208,10450,20200410,00:00,2021-10-07 10:30:51.51,503051.0,2.142477853,4.0,27.0
2020-04-11 00:00:00.000,211,10480,20200411,00:00,2021-10-07 10:30:51.51,510479.0,2.111162368,3.0,30.0
2020-04-12 00:00:00.000,214,10512,20200412,00:00,2021-10-07 10:30:51.51,514621.0,2.098903227,3.0,32.0
2020-04-13 00:00:00.000,217,10537,20200413,00:00,2021-10-07 10:30:51.51,518743.0,2.08508129,3.0,25.0
2020-04-14 00:00:00.000,222,10564,20200414,00:00,2021-10-07 10:30:51.51,527438.0,2.060114628,5.0,27.0
2020-04-15 00:00:00.000,225,10591,20200415,00:00,2021-10-07 10:30:51.51,534552.0,2.038589022,3.0,27.0
2020-04-16 00:00:00.000,229,10613,20200416,00:00,2021-10-07 10:30:51.51,538775.0,2.023423901,4.0,22.0
2020-04-17 00:00:00.000,230,10635,20200417,00:00,2021-10-07 10:30:51.51,546463.0,1.998019828,1.0,22.0
2020-04-18 00:00:00.000,232,10653,20200418,00:00,2021-10-07 10:30:51.51,554834.0,1.968098078,2.0,18.0
2020-04-19 00:00:00.000,234,10661,20200419,00:00,2021-10-07 10:30:51.51,559109.0,1.949472083,2.0,8.0
2020-04-20 00:00:00.000,236,10674,20200420,00:00,2021-10-07 10:30:51.51,563035.0,1.937015247,2.0,13.0
2020-04-21 00:00:00.000,237,10683,20200421,00:00,2021-10-07 10:30:51.51,571014.0,1.913511364,1.0,9.0
2020-04-22 00:00:00.000,238,10694,20200422,00:00,2021-10-07 10:30:51.51,577959.0,1.88994023,1.0,11.0
2020-04-23 00:00:00.000,240,10702,20200423,00:00,2021-10-07 10:30:51.51,583971.0,1.865005786,2.0,8.0
2020-04-24 00:00:00.000,240,10708,20200424,00:00,2021-10-07 10:30:51.51,589520.0,1.846461581,0.0,6.0
2020-04-25 00:00:00.000,240,10718,20200425,00:00,2021-10-07 10:30:51.51,595161.0,1.829316166,0.0,10.0
2020-04-26 00:00:00.000,242,10728,20200426,00:00,2021-10-07 10:30:51.51,598285.0,1.820508208,2.0,10.0
2020-04-27 00:00:00.000,243,10738,20200427,00:00,2021-10-07 10:30:51.51,601660.0,1.811510464,1.0,10.0
2020-04-28 00:00:00.000,244,10752,20200428,00:00,2021-10-07 10:30:51.51,608514.0,1.794060179,1.0,14.0
2020-04-29 00:00:00.000,246,10761,20200429,00:00,2021-10-07 10:30:51.51,614197.0,1.776064962,2.0,9.0
2020-04-30 00:00:00.000,247,10765,20200430,00:00,2021-10-07 10:30:51.51,619881.0,1.761153838,1.0,4.0
2020-05-01 00:00:00.000,248,10774,20200501,00:00,2021-10-07 10:30:51.51,623069.0,1.753626397,1.0,9.0
2020-05-02 00:00:00.000,250,10780,20200502,00:00,2021-10-07 10:30:51.51,627562.0,1.741332911,2.0,6.0
2020-05-03 00:00:00.000,250,10793,20200503,00:00,2021-10-07 10:30:51.51,630973.0,1.734135623,0.0,13.0
2020-05-04 00:00:00.000,252,10801,20200504,00:00,2021-10-07 10:30:51.51,633921.0,1.726102486,2.0,8.0
2020-05-05 00:00:00.000,254,10804,20200505,00:00,2021-10-07 10:30:51.51,640237.0,1.711175063,2.0,3.0
2020-05-06 00:00:00.000,255,10806,20200506,00:00,2021-10-07 10:30:51.51,643095.0,1.701501844,1.0,2.0
2020-05-07 00:00:00.000,256,10810,20200507,00:00,2021-10-07 10:30:51.51,649388.0,1.686535332,1.0,4.0
2020-05-08 00:00:00.000,256,10822,20200508,00:00,2021-10-07 10:30:51.51,654863.0,1.675242571,0.0,12.0
2020-05-09 00:00:00.000,256,10840,20200509,00:00,2021-10-07 10:30:51.51,660030.0,1.665445238,0.0,18.0
2020-05-10 00:00:00.000,256,10874,20200510,00:00,2021-10-07 10:30:51.51,663886.0,1.663306606,0.0,34.0
2020-05-11 00:00:00.000,256,10909,20200511,00:00,2021-10-07 10:30:51.51,668492.0,1.658986876,0.0,35.0
2020-05-12 00:00:00.000,258,10936,20200512,00:00,2021-10-07 10:30:51.51,680890.0,1.645600096,2.0,27.0
2020-05-13 00:00:00.000,259,10962,20200513,00:00,2021-10-07 10:30:51.51,695920.0,1.62078005,1.0,26.0
2020-05-15 00:00:00.000,260,11018,20200515,00:00,2021-10-07 10:30:51.51,726747.0,1.558698039,1.0,56.0
2020-05-16 00:00:00.000,262,11037,20200516,00:00,2021-10-07 10:30:51.51,740645.0,1.528031211,2.0,19.0
2020-05-17 00:00:00.000,262,11050,20200517,00:00,2021-10-07 10:30:51.51,747653.0,1.513713145,0.0,13.0
2020-05-18 00:00:00.000,263,11065,20200518,00:00,2021-10-07 10:30:51.51,753211.0,1.501116511,1.0,15.0
2020-05-19 00:00:00.000,263,11078,20200519,00:00,2021-10-07 10:30:51.51,765574.0,1.479732158,0.0,13.0
2020-05-20 00:00:00.000,263,11110,20200520,00:00,2021-10-07 10:30:51.51,776433.0,1.461684397,0.0,32.0
2020-05-21 00:00:00.000,264,11122,20200521,00:00,2021-10-07 10:30:51.51,788684.0,1.443300307,1.0,12.0
2020-05-22 00:00:00.000,264,11142,20200522,00:00,2021-10-07 10:30:51.51,802418.0,1.42456772,0.0,20.0
2020-05-23 00:00:00.000,266,11165,20200523,00:00,2021-10-07 10:30:51.51,814420.0,1.408209109,2.0,23.0
2020-05-24 00:00:00.000,266,11190,20200524,00:00,2021-10-07 10:30:51.51,820289.0,1.398826935,0.0,25.0
2020-05-25 00:00:00.000,267,11206,20200525,00:00,2021-10-07 10:30:51.51,826437.0,1.388001209,1.0,16.0
2020-05-26 00:00:00.000,269,11225,20200526,00:00,2021-10-07 10:30:51.51,839475.0,1.373204589,2.0,19.0
2020-05-27 00:00:00.000,269,11265,20200527,00:00,2021-10-07 10:30:51.51,852876.0,1.354267475,0.0,40.0
2020-05-28 00:00:00.000,269,11344,20200528,00:00,2021-10-07 10:30:51.51,868666.0,1.340429353,0.0,79.0
2020-05-29 00:00:00.000,269,11402,20200529,00:00,2021-10-07 10:30:51.51,885120.0,1.324946576,0.0,58.0
2020-05-30 00:00:00.000,269,11441,20200530,00:00,2021-10-07 10:30:51.51,902901.0,1.305151819,0.0,39.0
2020-05-31 00:00:00.000,270,11468,20200531,00:00,2021-10-07 10:30:51.51,910822.0,1.292128248,1.0,27.0
2020-06-01 00:00:00.000,271,11503,20200601,00:00,2021-10-07 10:30:51.51,921391.0,1.281909837,1.0,35.0
2020-06-02 00:00:00.000,272,11541,20200602,00:00,2021-10-07 10:30:51.51,939851.0,1.266948357,1.0,38.0
2020-06-03 00:00:00.000,273,11590,20200603,00:00,2021-10-07 10:30:51.51,956852.0,1.247595499,1.0,49.0
2020-06-04 00:00:00.000,273,11629,20200604,00:00,2021-10-07 10:30:51.51,973858.0,1.229724457,0.0,39.0
2020-06-05 00:00:00.000,273,11668,20200605,00:00,2021-10-07 10:30:51.51,990960.0,1.212645267,0.0,39.0
2020-06-06 00:00:00.000,273,11719,20200606,00:00,2021-10-07 10:30:51.51,1005305.0,1.199057452,0.0,51.0
2020-06-07 00:00:00.000,273,11776,20200607,00:00,2021-10-07 10:30:51.51,1012769.0,1.193971741,0.0,57.0
2020-06-08 00:00:00.000,273,11813,20200608,00:00,2021-10-07 10:30:51.51,1018214.0,1.188621911,0.0,37.0
2020-06-09 00:00:00.000,274,11851,20200609,00:00,2021-10-07 10:30:51.51,1035997.0,1.175067276,1.0,38.0
2020-06-10 00:00:00.000,276,11901,20200610,00:00,2021-10-07 10:30:51.51,1051972.0,1.160225357,2.0,50.0
2020-06-11 00:00:00.000,276,11946,20200611,00:00,2021-10-07 10:30:51.51,1066888.0,1.147116269,0.0,45.0
2020-06-12 00:00:00.000,277,12002,20200612,00:00,2021-10-07 10:30:51.51,1081486.0,1.135217859,1.0,56.0
2020-06-13 00:00:00.000,277,12050,20200613,00:00,2021-10-07 10:30:51.51,1094704.0,1.124747049,0.0,48.0
2020-06-14 00:00:00.000,277,12084,20200614,00:00,2021-10-07 10:30:51.51,1100327.0,1.119955958,0.0,34.0
2020-06-15 00:00:00.000,277,12121,20200615,00:00,2021-10-07 10:30:51.51,1105719.0,1.117219055,0.0,37.0
2020-06-16 00:00:00.000,278,12155,20200616,00:00,2021-10-07 10:30:51.51,1119767.0,1.107885538,1.0,34.0
2020-06-17 00:00:00.000,279,12198,20200617,00:00,2021-10-07 10:30:51.51,1132823.0,1.097599821,1.0,43.0
2020-06-18 00:00:00.000,280,12257,20200618,00:00,2021-10-07 10:30:51.51,1145712.0,1.090482367,1.0,59.0
2020-06-19 00:00:00.000,280,12306,20200619,00:00,2021-10-07 10:30:51.51,1158063.0,1.082442806,0.0,49.0
2020-06-20 00:00:00.000,280,12373,20200620,00:00,2021-10-07 10:30:51.51,1170901.0,1.07644565,0.0,67.0
2020-06-21 00:00:00.000,280,12421,20200621,00:00,2021-10-07 10:30:51.51,1176463.0,1.074116736,0.0,48.0
2020-06-22 00:00:00.000,280,12438,20200622,00:00,2021-10-07 10:30:51.51,1182066.0,1.069785484,0.0,17.0
2020-06-23 00:00:00.000,281,12484,20200623,00:00,2021-10-07 10:30:51.51,1196012.0,1.063614073,1.0,46.0
2020-06-24 00:00:00.000,281,12535,20200624,00:00,2021-10-07 10:30:51.51,1208597.0,1.05482214,0.0,51.0
2020-06-25 00:00:00.000,282,12563,20200625,00:00,2021-10-07 10:30:51.51,1220478.0,1.045541779,1.0,28.0
2020-06-26 00:00:00.000,282,12602,20200626,00:00,2021-10-07 10:30:51.51,1232315.0,1.03849485,0.0,39.0
2020-06-27 00:00:00.000,282,12653,20200627,00:00,2021-10-07 10:30:51.51,1243780.0,1.033814467,0.0,51.0
2020-06-28 00:00:00.000,282,12715,20200628,00:00,2021-10-07 10:30:51.51,1251695.0,1.03148399,0.0,62.0
2020-06-29 00:00:00.000,282,12757,20200629,00:00,2021-10-07 10:30:51.51,1259954.0,1.027584568,0.0,42.0
2020-06-30 00:00:00.000,282,12799,20200630,00:00,2021-10-07 10:30:51.51,1273765.0,1.021504347,0.0,42.0
2020-07-01 00:00:00.000,282,12850,20200701,00:00,2021-10-07 10:30:51.51,1285231.0,1.015244468,0.0,51.0
2020-07-02 00:00:00.000,282,12904,20200702,00:00,2021-10-07 10:30:51.51,1295962.0,1.011142629,0.0,54.0
2020-07-03 00:00:00.000,282,12965,20200703,00:00,2021-10-07 10:30:51.51,1307759.0,1.00800887,0.0,61.0
2020-07-04 00:00:00.000,283,13028,20200704,00:00,2021-10-07 10:30:51.51,1319521.0,1.00431699,1.0,63.0
2020-07-05 00:00:00.000,283,13089,20200705,00:00,2021-10-07 10:30:51.51,1326055.0,1.003445246,0.0,61.0
2020-07-06 00:00:00.000,284,13137,20200706,00:00,2021-10-07 10:30:51.51,1331796.0,1.002438756,1.0,48.0
2020-07-07 00:00:00.000,285,13181,20200707,00:00,2021-10-07 10:30:51.51,1346194.0,0.996658649,1.0,44.0
2020-07-08 00:00:00.000,285,13243,20200708,00:00,2021-10-07 10:30:51.51,1359734.0,0.991448819,0.0,62.0
2020-07-09 00:00:00.000,287,13293,20200709,00:00,2021-10-07 10:30:51.51,1371771.0,0.986230756,2.0,50.0
2020-07-10 00:00:00.000,288,13338,20200710,00:00,2021-10-07 10:30:51.51,1384890.0,0.97975338,1.0,45.0
2020-07-11 00:00:00.000,288,13373,20200711,00:00,2021-10-07 10:30:51.51,1396941.0,0.973296041,0.0,35.0
2020-07-12 00:00:00.000,289,13417,20200712,00:00,2021-10-07 10:30:51.51,1402144.0,0.972025206,1.0,44.0
2020-07-13 00:00:00.000,289,13479,20200713,00:00,2021-10-07 10:30:51.51,1408312.0,0.972183254,0.0,62.0
2020-07-14 00:00:00.000,289,13512,20200714,00:00,2021-10-07 10:30:51.51,1420616.0,0.967681639,0.0,33.0
2020-07-15 00:00:00.000,289,13551,20200715,00:00,2021-10-07 10:30:51.51,1431316.0,0.96241599,0.0,39.0
2020-07-16 00:00:00.000,291,13612,20200716,00:00,2021-10-07 10:30:51.51,1441348.0,0.959981494,2.0,61.0
2020-07-17 00:00:00.000,293,13672,20200717,00:00,2021-10-07 10:30:51.51,1451017.0,0.957485326,2.0,60.0
2020-07-18 00:00:00.000,294,13711,20200718,00:00,2021-10-07 10:30:51.51,1460204.0,0.953954028,1.0,39.0
2020-07-19 00:00:00.000,295,13745,20200719,00:00,2021-10-07 10:30:51.51,1465299.0,0.952301111,1.0,34.0
2020-07-20 00:00:00.000,296,13771,20200720,00:00,2021-10-07 10:30:51.51,1470193.0,0.950451069,1.0,26.0
2020-07-21 00:00:00.000,296,13816,20200721,00:00,2021-10-07 10:30:51.51,1482390.0,0.947257711,0.0,45.0
2020-07-22 00:00:00.000,297,13879,20200722,00:00,2021-10-07 10:30:51.51,1492071.0,0.943944175,1.0,63.0
2020-07-23 00:00:00.000,297,13938,20200723,00:00,2021-10-07 10:30:51.51,1500854.0,0.942115779,0.0,59.0
2020-07-24 00:00:00.000,298,13979,20200724,00:00,2021-10-07 10:30:51.51,1510327.0,0.938334022,1.0,41.0
2020-07-25 00:00:00.000,298,14092,20200725,00:00,2021-10-07 10:30:51.51,1518634.0,0.940122872,0.0,113.0
2020-07-26 00:00:00.000,298,14150,20200726,00:00,2021-10-07 10:30:51.51,1522926.0,0.94100466,0.0,58.0
2020-07-27 00:00:00.000,299,14175,20200727,00:00,2021-10-07 10:30:51.51,1526974.0,0.939859595,1.0,25.0
2020-07-28 00:00:00.000,300,14203,20200728,00:00,2021-10-07 10:30:51.51,1537704.0,0.93609533,1.0,28.0
2020-07-29 00:00:00.000,300,14251,20200729,00:00,2021-10-07 10:30:51.51,1547307.0,0.932668665,0.0,48.0
2020-07-30 00:00:00.000,300,14269,20200730,00:00,2021-10-07 10:30:51.51,1556215.0,0.928247973,0.0,18.0
2020-07-31 00:00:00.000,301,14305,20200731,00:00,2021-10-07 10:30:51.51,1563796.0,0.925610787,1.0,36.0
2020-08-01 00:00:00.000,301,14336,20200801,00:00,2021-10-07 10:30:51.51,1571830.0,0.922788552,0.0,31.0
2020-08-02 00:00:00.000,301,14366,20200802,00:00,2021-10-07 10:30:51.51,1576246.0,0.921796779,0.0,30.0
2020-08-03 00:00:00.000,301,14389,20200803,00:00,2021-10-07 10:30:51.51,1579757.0,0.920980878,0.0,23.0
2020-08-04 00:00:00.000,301,14423,20200804,00:00,2021-10-07 10:30:51.51,1589780.0,0.918044933,0.0,34.0
2020-08-05 00:00:00.000,302,14456,20200805,00:00,2021-10-07 10:30:51.51,1598187.0,0.915112202,1.0,33.0
2020-08-06 00:00:00.000,302,14499,20200806,00:00,2021-10-07 10:30:51.51,1606487.0,0.912773158,0.0,43.0
2020-08-07 00:00:00.000,303,14519,20200807,00:00,2021-10-07 10:30:51.51,1613652.0,0.909379024,1.0,20.0
2020-08-08 00:00:00.000,304,14562,20200808,00:00,2021-10-07 10:30:51.51,1620514.0,0.907623929,1.0,43.0
2020-08-09 00:00:00.000,305,14598,20200809,00:00,2021-10-07 10:30:51.51,1624650.0,0.907922209,1.0,36.0
2020-08-10 00:00:00.000,305,14626,20200810,00:00,2021-10-07 10:30:51.51,1628303.0,0.907372448,0.0,28.0
2020-08-11 00:00:00.000,305,14660,20200811,00:00,2021-10-07 10:30:51.51,1637844.0,0.904740011,0.0,34.0
2020-08-12 00:00:00.000,305,14714,20200812,00:00,2021-10-07 10:30:51.51,1646652.0,0.903099964,0.0,54.0
2020-08-13 00:00:00.000,305,14770,20200813,00:00,2021-10-07 10:30:51.51,1654898.0,0.902205119,0.0,56.0
2020-08-14 00:00:00.000,305,14873,20200814,00:00,2021-10-07 10:30:51.51,1665084.0,0.904160121,0.0,103.0
2020-08-15 00:00:00.000,305,15039,20200815,00:00,2021-10-07 10:30:51.51,1675296.0,0.909427349,0.0,166.0
2020-08-16 00:00:00.000,305,15318,20200816,00:00,2021-10-07 10:30:51.51,1681787.0,0.922892283,0.0,279.0
2020-08-17 00:00:00.000,305,15515,20200817,00:00,2021-10-07 10:30:51.51,1688470.0,0.931548731,0.0,197.0
2020-08-18 00:00:00.000,306,15761,20200818,00:00,2021-10-07 10:30:51.51,1697042.0,0.942743341,1.0,246.0
2020-08-19 00:00:00.000,306,16058,20200819,00:00,2021-10-07 10:30:51.51,1715064.0,0.953539164,0.0,297.0
2020-08-20 00:00:00.000,307,16346,20200820,00:00,2021-10-07 10:30:51.51,1734083.0,0.96204722,1.0,288.0
2020-08-21 00:00:00.000,309,16670,20200821,00:00,2021-10-07 10:30:51.51,1754123.0,0.971401067,2.0,324.0
2020-08-22 00:00:00.000,309,17002,20200822,00:00,2021-10-07 10:30:51.51,1775800.0,0.980862169,0.0,332.0
2020-08-23 00:00:00.000,309,17398,20200823,00:00,2021-10-07 10:30:51.51,1791186.0,0.997808011,0.0,396.0
2020-08-24 00:00:00.000,309,17664,20200824,00:00,2021-10-07 10:30:51.51,1804422.0,1.005678004,0.0,266.0
2020-08-25 00:00:00.000,310,17944,20200825,00:00,2021-10-07 10:30:51.51,1825837.0,1.010659119,1.0,280.0
2020-08-26 00:00:00.000,312,18264,20200826,00:00,2021-10-07 10:30:51.51,1849506.0,1.016524082,2.0,320.0
2020-08-27 00:00:00.000,313,18705,20200827,00:00,2021-10-07 10:30:51.51,1869579.0,1.029139418,1.0,441.0
2020-08-28 00:00:00.000,316,19076,20200828,00:00,2021-10-07 10:30:51.51,1887717.0,1.038428835,3.0,371.0
2020-08-29 00:00:00.000,321,19399,20200829,00:00,2021-10-07 10:30:51.51,1909329.0,1.045608675,5.0,323.0
2020-08-30 00:00:00.000,323,19698,20200830,00:00,2021-10-07 10:30:51.51,1924170.0,1.055542725,2.0,299.0
2020-08-31 00:00:00.000,324,19946,20200831,00:00,2021-10-07 10:30:51.51,1937689.0,1.061062989,1.0,248.0
2020-09-01 00:00:00.000,324,20181,20200901,00:00,2021-10-07 10:30:51.51,1959080.0,1.060853045,0.0,235.0
2020-09-02 00:00:00.000,326,20448,20200902,00:00,2021-10-07 10:30:51.51,1980295.0,1.063036151,2.0,267.0
2020-09-03 00:00:00.000,329,20643,20200903,00:00,2021-10-07 10:30:51.51,2000552.0,1.061321482,3.0,195.0
2020-09-04 00:00:00.000,331,20841,20200904,00:00,2021-10-07 10:30:51.51,2018906.0,1.059726234,2.0,198.0
2020-09-05 00:00:00.000,333,21009,20200905,00:00,2021-10-07 10:30:51.51,2037045.0,1.058404972,2.0,168.0
2020-09-06 00:00:00.000,334,21176,20200906,00:00,2021-10-07 10:30:51.51,2045935.0,1.060754971,1.0,167.0
2020-09-07 00:00:00.000,336,21295,20200907,00:00,2021-10-07 10:30:51.51,2051297.0,1.062525072,2.0,119.0
2020-09-08 00:00:00.000,341,21431,20200908,00:00,2021-10-07 10:30:51.51,2066078.0,1.059520208,5.0,136.0
2020-09-09 00:00:00.000,344,21587,20200909,00:00,2021-10-07 10:30:51.51,2082234.0,1.0552373,3.0,156.0
2020-09-10 00:00:00.000,346,21742,20200910,00:00,2021-10-07 10:30:51.51,2099591.0,1.052079941,2.0,155.0
2020-09-11 00:00:00.000,350,21918,20200911,00:00,2021-10-07 10:30:51.51,2119211.0,1.048814521,4.0,176.0
2020-09-12 00:00:00.000,355,22054,20200912,00:00,2021-10-07 10:30:51.51,2135457.0,1.046388101,5.0,136.0
2020-09-13 00:00:00.000,358,22175,20200913,00:00,2021-10-07 10:30:51.51,2143270.0,1.048183346,3.0,121.0
2020-09-14 00:00:00.000,363,22284,20200914,00:00,2021-10-07 10:30:51.51,2151002.0,1.049386728,5.0,109.0
2020-09-15 00:00:00.000,367,22390,20200915,00:00,2021-10-07 10:30:51.51,2164578.0,1.047599084,4.0,106.0
2020-09-16 00:00:00.000,367,22503,20200916,00:00,2021-10-07 10:30:51.51,2178832.0,1.045197609,0.0,113.0
2020-09-17 00:00:00.000,372,22656,20200917,00:00,2021-10-07 10:30:51.51,2191892.0,1.045797975,5.0,153.0
2020-09-18 00:00:00.000,377,22782,20200918,00:00,2021-10-07 10:30:51.51,2206365.0,1.044584913,5.0,126.0
2020-09-19 00:00:00.000,378,22892,20200919,00:00,2021-10-07 10:30:51.51,2219162.0,1.043173778,1.0,110.0
2020-09-20 00:00:00.000,383,22974,20200920,00:00,2021-10-07 10:30:51.51,2226701.0,1.043121974,5.0,82.0
2020-09-21 00:00:00.000,385,23044,20200921,00:00,2021-10-07 10:30:51.51,2231589.0,1.043161934,2.0,70.0
2020-09-22 00:00:00.000,388,23105,20200922,00:00,2021-10-07 10:30:51.51,2245112.0,1.039880462,3.0,61.0
2020-09-23 00:00:00.000,388,23215,20200923,00:00,2021-10-07 10:30:51.51,2256899.0,1.038065223,0.0,110.0
2020-09-24 00:00:00.000,393,23340,20200924,00:00,2021-10-07 10:30:51.51,2268999.0,1.038156014,5.0,125.0
2020-09-25 00:00:00.000,395,23454,20200925,00:00,2021-10-07 10:30:51.51,2280276.0,1.037465813,2.0,114.0
2020-09-26 00:00:00.000,399,23515,20200926,00:00,2021-10-07 10:30:51.51,2290345.0,1.035065456,4.0,61.0
2020-09-27 00:00:00.000,401,23610,20200927,00:00,2021-10-07 10:30:51.51,2296517.0,1.036599742,2.0,95.0
2020-09-28 00:00:00.000,406,23660,20200928,00:00,2021-10-07 10:30:51.51,2301303.0,1.036484609,5.0,50.0
2020-09-29 00:00:00.000,407,23698,20200929,00:00,2021-10-07 10:30:51.51,2313044.0,1.033498649,1.0,38.0
2020-09-30 00:00:00.000,413,23811,20200930,00:00,2021-10-07 10:30:51.51,2322999.0,1.034180376,6.0,113.0
2020-10-01 00:00:00.000,415,23888,20201001,00:00,2021-10-07 10:30:51.51,2328435.0,1.034826629,2.0,77.0
2020-10-02 00:00:00.000,416,23951,20201002,00:00,2021-10-07 10:30:51.51,2333777.0,1.035145057,1.0,63.0
2020-10-03 00:00:00.000,420,24026,20201003,00:00,2021-10-07 10:30:51.51,2339859.0,1.036241273,4.0,75.0
2020-10-04 00:00:00.000,421,24090,20201004,00:00,2021-10-07 10:30:51.51,2346345.0,1.03647274,1.0,64.0
2020-10-05 00:00:00.000,422,24163,20201005,00:00,2021-10-07 10:30:51.51,2352378.0,1.037069338,1.0,73.0
2020-10-06 00:00:00.000,422,24238,20201006,00:00,2021-10-07 10:30:51.51,2365433.0,1.034619942,0.0,75.0
2020-10-07 00:00:00.000,425,24352,20201007,00:00,2021-10-07 10:30:51.51,2378073.0,1.033644816,3.0,114.0
2020-10-08 00:00:00.000,427,24421,20201008,00:00,2021-10-07 10:30:51.51,2388844.0,1.031350592,2.0,69.0
2020-10-09 00:00:00.000,428,24475,20201009,00:00,2021-10-07 10:30:51.51,2400233.0,1.028562735,1.0,54.0
2020-10-10 00:00:00.000,430,24547,20201010,00:00,2021-10-07 10:30:51.51,2404684.0,1.028921466,2.0,72.0
2020-10-11 00:00:00.000,432,24605,20201011,00:00,2021-10-07 10:30:51.51,2410483.0,1.028989871,2.0,58.0
2020-10-12 00:00:00.000,433,24703,20201012,00:00,2021-10-07 10:30:51.51,2415610.0,1.030830181,1.0,98.0
2020-10-13 00:00:00.000,434,24794,20201013,00:00,2021-10-07 10:30:51.51,2428760.0,1.029379284,1.0,91.0
2020-10-14 00:00:00.000,438,24878,20201014,00:00,2021-10-07 10:30:51.51,2441443.0,1.02672379,4.0,84.0
2020-10-15 00:00:00.000,439,24988,20201015,00:00,2021-10-07 10:30:51.51,2450739.0,1.027265623,1.0,110.0
2020-10-16 00:00:00.000,441,25035,20201016,00:00,2021-10-07 10:30:51.51,2459426.0,1.025154469,2.0,47.0
2020-10-17 00:00:00.000,443,25108,20201017,00:00,2021-10-07 10:30:51.51,2468527.0,1.02431086,2.0,73.0
2020-10-18 00:00:00.000,444,25199,20201018,00:00,2021-10-07 10:30:51.51,2474529.0,1.025705526,1.0,91.0
2020-10-19 00:00:00.000,444,25275,20201019,00:00,2021-10-07 10:30:51.51,2479226.0,1.026411361,0.0,76.0
2020-10-20 00:00:00.000,447,25333,20201020,00:00,2021-10-07 10:30:51.51,2491311.0,1.024825926,3.0,58.0
2020-10-21 00:00:00.000,450,25422,20201021,00:00,2021-10-07 10:30:51.51,2503489.0,1.0234316,3.0,89.0
2020-10-22 00:00:00.000,453,25543,20201022,00:00,2021-10-07 10:30:51.51,2515325.0,1.02355749,3.0,121.0
2020-10-23 00:00:00.000,455,25698,20201023,00:00,2021-10-07 10:30:51.51,2528621.0,1.024563121,2.0,155.0
2020-10-24 00:00:00.000,457,25775,20201024,00:00,2021-10-07 10:30:51.51,2540679.0,1.023308405,2.0,77.0
2020-10-25 00:00:00.000,457,25836,20201025,00:00,2021-10-07 10:30:51.51,2546146.0,1.023425171,0.0,61.0
2020-10-26 00:00:00.000,457,25955,20201026,00:00,2021-10-07 10:30:51.51,2552264.0,1.025281049,0.0,119.0
2020-10-27 00:00:00.000,460,26043,20201027,00:00,2021-10-07 10:30:51.51,2567587.0,1.023467883,3.0,88.0
2020-10-28 00:00:00.000,461,26146,20201028,00:00,2021-10-07 10:30:51.51,2582960.0,1.021305784,1.0,103.0
2020-10-29 00:00:00.000,462,26271,20201029,00:00,2021-10-07 10:30:51.51,2597978.0,1.021490534,1.0,125.0
2020-10-30 00:00:00.000,463,26384,20201030,00:00,2021-10-07 10:30:51.51,2612231.0,1.020318981,1.0,113.0
2020-10-31 00:00:00.000,464,26511,20201031,00:00,2021-10-07 10:30:51.51,2624492.0,1.020119177,1.0,127.0
2020-11-01 00:00:00.000,466,26635,20201101,00:00,2021-10-07 10:30:51.51,2630630.0,1.02214605,2.0,124.0
2020-11-02 00:00:00.000,468,26732,20201102,00:00,2021-10-07 10:30:51.51,2636650.0,1.023772886,2.0,97.0
2020-11-03 00:00:00.000,472,26807,20201103,00:00,2021-10-07 10:30:51.51,2649859.0,1.021591101,4.0,75.0
2020-11-04 00:00:00.000,474,26924,20201104,00:00,2021-10-07 10:30:51.51,2662259.0,1.020620136,2.0,117.0
2020-11-05 00:00:00.000,475,27049,20201105,00:00,2021-10-07 10:30:51.51,2673705.0,1.021239933,1.0,125.0
2020-11-06 00:00:00.000,476,27194,20201106,00:00,2021-10-07 10:30:51.51,2686313.0,1.02206801,1.0,145.0
2020-11-07 00:00:00.000,477,27283,20201107,00:00,2021-10-07 10:30:51.51,2697248.0,1.021440784,1.0,89.0
2020-11-08 00:00:00.000,478,27426,20201108,00:00,2021-10-07 10:30:51.51,2702879.0,1.024416645,1.0,143.0
2020-11-09 00:00:00.000,480,27552,20201109,00:00,2021-10-07 10:30:51.51,2709198.0,1.02675863,2.0,126.0
2020-11-10 00:00:00.000,485,27652,20201110,00:00,2021-10-07 10:30:51.51,2723959.0,1.025628091,5.0,100.0
2020-11-11 00:00:00.000,487,27797,20201111,00:00,2021-10-07 10:30:51.51,2736532.0,1.026536241,2.0,145.0
2020-11-12 00:00:00.000,487,27940,20201112,00:00,2021-10-07 10:30:51.51,2749770.0,1.027022378,0.0,143.0
2020-11-13 00:00:00.000,488,28131,20201113,00:00,2021-10-07 10:30:51.51,2761409.0,1.029952879,1.0,191.0
2020-11-14 00:00:00.000,492,28336,20201114,00:00,2021-10-07 10:30:51.51,2777287.0,1.033182078,4.0,205.0
2020-11-15 00:00:00.000,493,28544,20201115,00:00,2021-10-07 10:30:51.51,2786876.0,1.037775705,1.0,208.0
2020-11-16 00:00:00.000,494,28766,20201116,00:00,2021-10-07 10:30:51.51,2797689.0,1.042482446,1.0,222.0
2020-11-17 00:00:00.000,494,28996,20201117,00:00,2021-10-07 10:30:51.51,2815753.0,1.045069995,0.0,230.0
2020-11-18 00:00:00.000,496,29281,20201118,00:00,2021-10-07 10:30:51.51,2834332.0,1.048880158,2.0,285.0
2020-11-19 00:00:00.000,498,29606,20201119,00:00,2021-10-07 10:30:51.51,2853795.0,1.05424336,2.0,325.0
2020-11-20 00:00:00.000,501,29954,20201120,00:00,2021-10-07 10:30:51.51,2873380.0,1.060229637,3.0,348.0
2020-11-21 00:00:00.000,503,30340,20201121,00:00,2021-10-07 10:30:51.51,2896683.0,1.066305655,2.0,386.0
2020-11-22 00:00:00.000,505,30670,20201122,00:00,2021-10-07 10:30:51.51,2908827.0,1.074331704,2.0,330.0
2020-11-23 00:00:00.000,509,30941,20201123,00:00,2021-10-07 10:30:51.51,2922072.0,1.079732567,4.0,271.0
2020-11-24 00:00:00.000,510,31290,20201124,00:00,2021-10-07 10:30:51.51,2946336.0,1.083236082,1.0,349.0
2020-11-25 00:00:00.000,513,31672,20201125,00:00,2021-10-07 10:30:51.51,2966342.0,1.088196409,3.0,382.0
2020-11-26 00:00:00.000,515,32253,20201126,00:00,2021-10-07 10:30:51.51,2987982.0,1.099801168,2.0,581.0
2020-11-27 00:00:00.000,516,32808,20201127,00:00,2021-10-07 10:30:51.51,3009499.0,1.111057679,1.0,555.0
2020-11-28 00:00:00.000,522,33311,20201128,00:00,2021-10-07 10:30:51.51,3031940.0,1.120395702,6.0,503.0
2020-11-29 00:00:00.000,523,33761,20201129,00:00,2021-10-07 10:30:51.51,3046908.0,1.131370852,1.0,450.0
2020-11-30 00:00:00.000,526,34199,20201130,00:00,2021-10-07 10:30:51.51,3061170.0,1.140801353,3.0,438.0
2020-12-01 00:00:00.000,526,34650,20201201,00:00,2021-10-07 10:30:51.51,3083995.0,1.147691881,0.0,451.0
2020-12-02 00:00:00.000,526,35161,20201202,00:00,2021-10-07 10:30:51.51,3106968.0,1.155922091,0.0,511.0
2020-12-03 00:00:00.000,529,35701,20201203,00:00,2021-10-07 10:30:51.51,3131884.0,1.164379719,3.0,540.0
2020-12-04 00:00:00.000,536,36329,20201204,00:00,2021-10-07 10:30:51.51,3157407.0,1.174407365,7.0,628.0
2020-12-05 00:00:00.000,540,36906,20201205,00:00,2021-10-07 10:30:51.51,3180487.0,1.185080052,4.0,577.0
2020-12-06 00:00:00.000,545,37537,20201206,00:00,2021-10-07 10:30:51.51,3194858.0,1.200361224,5.0,631.0
2020-12-07 00:00:00.000,549,38152,20201207,00:00,2021-10-07 10:30:51.51,3209367.0,1.214506979,4.0,615.0
2020-12-08 00:00:00.000,552,38739,20201208,00:00,2021-10-07 10:30:51.51,3221316.0,1.231280807,3.0,587.0
2020-12-09 00:00:00.000,556,39409,20201209,00:00,2021-10-07 10:30:51.51,3253219.0,1.238519208,4.0,670.0
2020-12-10 00:00:00.000,564,40089,20201210,00:00,2021-10-07 10:30:51.51,3277946.0,1.250755807,8.0,680.0
2020-12-11 00:00:00.000,572,40778,20201211,00:00,2021-10-07 10:30:51.51,3311211.0,1.261101282,8.0,689.0
2020-12-12 00:00:00.000,578,41728,20201212,00:00,2021-10-07 10:30:51.51,3349862.0,1.278776141,6.0,950.0
2020-12-13 00:00:00.000,580,42758,20201213,00:00,2021-10-07 10:30:51.51,3374593.0,1.301825015,2.0,1030.0
2020-12-14 00:00:00.000,587,43476,20201214,00:00,2021-10-07 10:30:51.51,3397037.0,1.314351878,7.0,718.0
2020-12-15 00:00:00.000,600,44356,20201215,00:00,2021-10-07 10:30:51.51,3441218.0,1.324951572,13.0,880.0
2020-12-16 00:00:00.000,612,45434,20201216,00:00,2021-10-07 10:30:51.51,3488767.0,1.338663158,12.0,1078.0
2020-12-17 00:00:00.000,634,46448,20201217,00:00,2021-10-07 10:30:51.51,3538838.0,1.350397432,22.0,1014.0
2020-12-18 00:00:00.000,645,47512,20201218,00:00,2021-10-07 10:30:51.51,3589795.0,1.365610315,11.0,1064.0
2020-12-19 00:00:00.000,659,48557,20201219,00:00,2021-10-07 10:30:51.51,3646245.0,1.379455525,14.0,1045.0
2020-12-20 00:00:00.000,674,49653,20201220,00:00,2021-10-07 10:30:51.51,3683091.0,1.401195841,15.0,1096.0
2020-12-21 00:00:00.000,698,50577,20201221,00:00,2021-10-07 10:30:51.51,3713856.0,1.417748074,24.0,924.0
2020-12-22 00:00:00.000,722,51443,20201222,00:00,2021-10-07 10:30:51.51,3772425.0,1.420568769,24.0,866.0
2020-12-23 00:00:00.000,739,52533,20201223,00:00,2021-10-07 10:30:51.51,3826565.0,1.430070212,17.0,1090.0
2020-12-24 00:00:00.000,756,53518,20201224,00:00,2021-10-07 10:30:51.51,3882205.0,1.434156057,17.0,985.0
2020-12-25 00:00:00.000,773,54758,20201225,00:00,2021-10-07 10:30:51.51,3939352.0,1.447642776,17.0,1240.0
2020-12-26 00:00:00.000,793,55889,20201226,00:00,2021-10-07 10:30:51.51,3969409.0,1.465980589,20.0,1131.0
2020-12-27 00:00:00.000,808,56859,20201227,00:00,2021-10-07 10:30:51.51,4006406.0,1.48092295,15.0,970.0
2020-12-28 00:00:00.000,819,57665,20201228,00:00,2021-10-07 10:30:51.51,4038300.0,1.490659499,11.0,806.0
2020-12-29 00:00:00.000,859,58709,20201229,00:00,2021-10-07 10:30:51.51,4098173.0,1.494928589,40.0,1044.0
2020-12-30 00:00:00.000,879,59759,20201230,00:00,2021-10-07 10:30:51.51,4159516.0,1.498566232,20.0,1050.0
2020-12-31 00:00:00.000,900,60726,20201231,00:00,2021-10-07 10:30:51.51,4213874.0,1.501804361,21.0,967.0
2021-01-01 00:00:00.000,917,61753,20210101,00:00,2021-10-07 10:30:51.51,4269312.0,1.508973374,17.0,1027.0
2021-01-02 00:00:00.000,942,62573,20210102,00:00,2021-10-07 10:30:51.51,4302792.0,1.517507982,25.0,820.0
2021-01-03 00:00:00.000,962,63230,20210103,00:00,2021-10-07 10:30:51.51,4340832.0,1.522015425,20.0,657.0
2021-01-04 00:00:00.000,981,64250,20210104,00:00,2021-10-07 10:30:51.51,4376602.0,1.534925834,19.0,1020.0
2021-01-05 00:00:00.000,1007,64964,20210105,00:00,2021-10-07 10:30:51.51,4439354.0,1.530147779,26.0,714.0
2021-01-06 00:00:00.000,1027,65802,20210106,00:00,2021-10-07 10:30:51.51,4504860.0,1.525745123,20.0,838.0
2021-01-07 00:00:00.000,1046,66671,20210107,00:00,2021-10-07 10:30:51.51,4569802.0,1.522850408,19.0,869.0
2021-01-08 00:00:00.000,1081,67345,20210108,00:00,2021-10-07 10:30:51.51,4629998.0,1.516934389,35.0,674.0
2021-01-09 00:00:00.000,1100,67986,20210109,00:00,2021-10-07 10:30:51.51,4689610.0,1.509563165,19.0,641.0
2021-01-10 00:00:00.000,1125,68643,20210110,00:00,2021-10-07 10:30:51.51,4723457.0,1.5146283,25.0,657.0
2021-01-11 00:00:00.000,1140,69094,20210111,00:00,2021-10-07 10:30:51.51,4751679.0,1.514582908,15.0,451.0
2021-01-12 00:00:00.000,1165,69631,20210112,00:00,2021-10-07 10:30:51.51,4814079.0,1.504783882,25.0,537.0
2021-01-13 00:00:00.000,1185,70192,20210113,00:00,2021-10-07 10:30:51.51,4872306.0,1.496825175,20.0,561.0
2021-01-14 00:00:00.000,1195,70716,20210114,00:00,2021-10-07 10:30:51.51,4925353.0,1.487001355,10.0,524.0
2021-01-15 00:00:00.000,1217,71228,20210115,00:00,2021-10-07 10:30:51.51,4978068.0,1.479065025,22.0,512.0
2021-01-16 00:00:00.000,1236,71808,20210116,00:00,2021-10-07 10:30:51.51,5032264.0,1.472493784,19.0,580.0
2021-01-17 00:00:00.000,1249,72328,20210117,00:00,2021-10-07 10:30:51.51,5061284.0,1.475509797,13.0,520.0
2021-01-18 00:00:00.000,1264,72717,20210118,00:00,2021-10-07 10:30:51.51,5087214.0,1.475235531,15.0,389.0
2021-01-19 00:00:00.000,1283,73103,20210119,00:00,2021-10-07 10:30:51.51,5140320.0,1.466172614,19.0,386.0
2021-01-20 00:00:00.000,1300,73507,20210120,00:00,2021-10-07 10:30:51.51,5192124.0,1.457320534,17.0,404.0
2021-01-21 00:00:00.000,1316,73907,20210121,00:00,2021-10-07 10:30:51.51,5237602.0,1.45014296,16.0,400.0
2021-01-22 00:00:00.000,1328,74253,20210122,00:00,2021-10-07 10:30:51.51,5282220.0,1.442061196,12.0,346.0
2021-01-23 00:00:00.000,1337,74684,20210123,00:00,2021-10-07 10:30:51.51,5329704.0,1.438145992,9.0,431.0
2021-01-24 00:00:00.000,1349,75076,20210124,00:00,2021-10-07 10:30:51.51,5354346.0,1.438628623,12.0,392.0
2021-01-25 00:00:00.000,1360,75513,20210125,00:00,2021-10-07 10:30:51.51,5376083.0,1.440666034,11.0,437.0
2021-01-26 00:00:00.000,1371,75862,20210126,00:00,2021-10-07 10:30:51.51,5422760.0,1.435655706,11.0,349.0
2021-01-27 00:00:00.000,1378,76421,20210127,00:00,2021-10-07 10:30:51.51,5469244.0,1.433570126,7.0,559.0
2021-01-28 00:00:00.000,1386,76918,20210128,00:00,2021-10-07 10:30:51.51,5522186.0,1.428968994,8.0,497.0
2021-01-29 00:00:00.000,1399,77387,20210129,00:00,2021-10-07 10:30:51.51,5569261.0,1.426092065,13.0,469.0
2021-01-30 00:00:00.000,1414,77843,20210130,00:00,2021-10-07 10:30:51.51,5616527.0,1.422899166,15.0,456.0
2021-01-31 00:00:00.000,1420,78197,20210131,00:00,2021-10-07 10:30:51.51,5640817.0,1.424024729,6.0,354.0
2021-02-01 00:00:00.000,1425,78502,20210201,00:00,2021-10-07 10:30:51.51,5661841.0,1.424102272,5.0,305.0
2021-02-02 00:00:00.000,1435,78838,20210202,00:00,2021-10-07 10:30:51.51,5711412.0,1.418677606,10.0,336.0
2021-02-03 00:00:00.000,1441,79305,20210203,00:00,2021-10-07 10:30:51.51,5756713.0,1.411657527,6.0,467.0
2021-02-04 00:00:00.000,1448,79756,20210204,00:00,2021-10-07 10:30:51.51,5803094.0,1.403523344,7.0,451.0
2021-02-05 00:00:00.000,1459,80126,20210205,00:00,2021-10-07 10:30:51.51,5847177.0,1.395991442,11.0,370.0
2021-02-06 00:00:00.000,1464,80516,20210206,00:00,2021-10-07 10:30:51.51,5893352.0,1.389242841,5.0,390.0
2021-02-07 00:00:00.000,1471,80887,20210207,00:00,2021-10-07 10:30:51.51,5916974.0,1.388326537,7.0,371.0
2021-02-08 00:00:00.000,1474,81175,20210208,00:00,2021-10-07 10:30:51.51,5938195.0,1.386812206,3.0,288.0
2021-02-09 00:00:00.000,1482,81478,20210209,00:00,2021-10-07 10:30:51.51,5987404.0,1.379866528,8.0,303.0
2021-02-10 00:00:00.000,1486,81922,20210210,00:00,2021-10-07 10:30:51.51,6030022.0,1.376852832,4.0,444.0
2021-02-11 00:00:00.000,1496,82426,20210211,00:00,2021-10-07 10:30:51.51,6070007.0,1.376429369,10.0,504.0
2021-02-12 00:00:00.000,1507,82829,20210212,00:00,2021-10-07 10:30:51.51,6093368.0,1.377611702,11.0,403.0
2021-02-13 00:00:00.000,1514,83191,20210213,00:00,2021-10-07 10:30:51.51,6115336.0,1.376175852,7.0,362.0
2021-02-14 00:00:00.000,1522,83517,20210214,00:00,2021-10-07 10:30:51.51,6140085.0,1.377739762,8.0,326.0
2021-02-15 00:00:00.000,1527,83860,20210215,00:00,2021-10-07 10:30:51.51,6162859.0,1.378661134,5.0,343.0
2021-02-16 00:00:00.000,1534,84317,20210216,00:00,2021-10-07 10:30:51.51,6213489.0,1.374003682,7.0,457.0
2021-02-17 00:00:00.000,1538,84938,20210217,00:00,2021-10-07 10:30:51.51,6260566.0,1.372589831,4.0,621.0
2021-02-18 00:00:00.000,1544,85559,20210218,00:00,2021-10-07 10:30:51.51,6303213.0,1.372789348,6.0,621.0
2021-02-19 00:00:00.000,1550,86120,20210219,00:00,2021-10-07 10:30:51.51,6345991.0,1.372457619,6.0,561.0
2021-02-20 00:00:00.000,1553,86568,20210220,00:00,2021-10-07 10:30:51.51,6390630.0,1.37094142,3.0,448.0
2021-02-21 00:00:00.000,1557,86984,20210221,00:00,2021-10-07 10:30:51.51,6411339.0,1.372424003,4.0,416.0
2021-02-22 00:00:00.000,1562,87316,20210222,00:00,2021-10-07 10:30:51.51,6429143.0,1.373609691,5.0,332.0
2021-02-23 00:00:00.000,1573,87672,20210223,00:00,2021-10-07 10:30:51.51,6472678.0,1.370171942,11.0,356.0
2021-02-24 00:00:00.000,1576,88112,20210224,00:00,2021-10-07 10:30:51.51,6510987.0,1.369049312,3.0,440.0
2021-02-25 00:00:00.000,1581,88507,20210225,00:00,2021-10-07 10:30:51.51,6551213.0,1.365313386,5.0,395.0
2021-02-26 00:00:00.000,1585,88894,20210226,00:00,2021-10-07 10:30:51.51,6590065.0,1.363170117,4.0,387.0
2021-02-27 00:00:00.000,1595,89309,20210227,00:00,2021-10-07 10:30:51.51,6627214.0,1.361786154,10.0,415.0
2021-02-28 00:00:00.000,1603,89664,20210228,00:00,2021-10-07 10:30:51.51,6649005.0,1.363479598,8.0,355.0
2021-03-01 00:00:00.000,1605,90019,20210301,00:00,2021-10-07 10:30:51.51,6665754.0,1.365577626,2.0,355.0
2021-03-02 00:00:00.000,1606,90363,20210302,00:00,2021-10-07 10:30:51.51,6681975.0,1.367366453,1.0,344.0
2021-03-03 00:00:00.000,1612,90807,20210303,00:00,2021-10-07 10:30:51.51,6716202.0,1.365450011,6.0,444.0
2021-03-04 00:00:00.000,1619,91231,20210304,00:00,2021-10-07 10:30:51.51,6751899.0,1.363323226,7.0,424.0
2021-03-05 00:00:00.000,1627,91629,20210305,00:00,2021-10-07 10:30:51.51,6789010.0,1.362451625,8.0,398.0
2021-03-06 00:00:00.000,1632,92047,20210306,00:00,2021-10-07 10:30:51.51,6821942.0,1.362292728,5.0,418.0
2021-03-07 00:00:00.000,1634,92463,20210307,00:00,2021-10-07 10:30:51.51,6843125.0,1.364419324,2.0,416.0
2021-03-08 00:00:00.000,1642,92809,20210308,00:00,2021-10-07 10:30:51.51,6861808.0,1.365960332,8.0,346.0
2021-03-09 00:00:00.000,1645,93255,20210309,00:00,2021-10-07 10:30:51.51,6902983.0,1.364877361,3.0,446.0
2021-03-10 00:00:00.000,1648,93725,20210310,00:00,2021-10-07 10:30:51.51,6938883.0,1.364541999,3.0,470.0
2021-03-11 00:00:00.000,1652,94190,20210311,00:00,2021-10-07 10:30:51.51,6976984.0,1.363346349,4.0,465.0
2021-03-12 00:00:00.000,1662,94678,20210312,00:00,2021-10-07 10:30:51.51,7012663.0,1.363465187,10.0,488.0
2021-03-13 00:00:00.000,1667,95168,20210313,00:00,2021-10-07 10:30:51.51,7046781.0,1.36365193,5.0,490.0
2021-03-14 00:00:00.000,1669,95627,20210314,00:00,2021-10-07 10:30:51.51,7066400.0,1.366772257,2.0,459.0
2021-03-15 00:00:00.000,1675,96006,20210315,00:00,2021-10-07 10:30:51.51,7084939.0,1.368903786,6.0,379.0
2021-03-16 00:00:00.000,1678,96369,20210316,00:00,2021-10-07 10:30:51.51,7126076.0,1.367317856,3.0,363.0
2021-03-17 00:00:00.000,1686,96838,20210317,00:00,2021-10-07 10:30:51.51,7171509.0,1.366215546,8.0,469.0
2021-03-18 00:00:00.000,1688,97283,20210318,00:00,2021-10-07 10:30:51.51,7218086.0,1.364731094,2.0,445.0
2021-03-19 00:00:00.000,1690,97746,20210319,00:00,2021-10-07 10:30:51.51,7264940.0,1.362010055,2.0,463.0
2021-03-20 00:00:00.000,1693,98193,20210320,00:00,2021-10-07 10:30:51.51,7308949.0,1.36078075,3.0,447.0
2021-03-21 00:00:00.000,1696,98649,20210321,00:00,2021-10-07 10:30:51.51,7332713.0,1.363609032,3.0,456.0
2021-03-22 00:00:00.000,1697,99064,20210322,00:00,2021-10-07 10:30:51.51,7355963.0,1.365866653,1.0,415.0
2021-03-23 00:00:00.000,1704,99410,20210323,00:00,2021-10-07 10:30:51.51,7400989.0,1.361628431,7.0,346.0
2021-03-24 00:00:00.000,1707,99838,20210324,00:00,2021-10-07 10:30:51.51,7441209.0,1.358916428,3.0,428.0
2021-03-25 00:00:00.000,1709,100268,20210325,00:00,2021-10-07 10:30:51.51,7485858.0,1.355178997,2.0,430.0
2021-03-26 00:00:00.000,1716,100757,20210326,00:00,2021-10-07 10:30:51.51,7529401.0,1.35208143,7.0,489.0
2021-03-27 00:00:00.000,1721,101262,20210327,00:00,2021-10-07 10:30:51.51,7572566.0,1.350629659,5.0,505.0
2021-03-28 00:00:00.000,1722,101744,20210328,00:00,2021-10-07 10:30:51.51,7595594.0,1.353520672,1.0,482.0
2021-03-29 00:00:00.000,1726,102126,20210329,00:00,2021-10-07 10:30:51.51,7616328.0,1.354925246,4.0,382.0
2021-03-30 00:00:00.000,1729,102573,20210330,00:00,2021-10-07 10:30:51.51,7663997.0,1.352211626,3.0,447.0
2021-03-31 00:00:00.000,1731,103079,20210331,00:00,2021-10-07 10:30:51.51,7707798.0,1.349820651,2.0,506.0
2021-04-01 00:00:00.000,1735,103630,20210401,00:00,2021-10-07 10:30:51.51,7747301.0,1.349060526,4.0,551.0
2021-04-02 00:00:00.000,1737,104187,20210402,00:00,2021-10-07 10:30:51.51,7788293.0,1.350002546,2.0,557.0
2021-04-03 00:00:00.000,1740,104730,20210403,00:00,2021-10-07 10:30:51.51,7829599.0,1.350603555,3.0,543.0
2021-04-04 00:00:00.000,1744,105273,20210404,00:00,2021-10-07 10:30:51.51,7849474.0,1.354921538,4.0,543.0
2021-04-05 00:00:00.000,1748,105746,20210405,00:00,2021-10-07 10:30:51.51,7868818.0,1.35775092,4.0,473.0
2021-04-06 00:00:00.000,1752,106223,20210406,00:00,2021-10-07 10:30:51.51,7921288.0,1.354516686,4.0,477.0
2021-04-07 00:00:00.000,1756,106891,20210407,00:00,2021-10-07 10:30:51.51,7966165.0,1.354504067,4.0,668.0
2021-04-08 00:00:00.000,1758,107591,20210408,00:00,2021-10-07 10:30:51.51,8012419.0,1.356002483,2.0,700.0
2021-04-09 00:00:00.000,1764,108262,20210409,00:00,2021-10-07 10:30:51.51,8059111.0,1.357143027,6.0,671.0
2021-04-10 00:00:00.000,1765,108939,20210410,00:00,2021-10-07 10:30:51.51,8106628.0,1.358915373,1.0,677.0
2021-04-11 00:00:00.000,1768,109553,20210411,00:00,2021-10-07 10:30:51.51,8129530.0,1.363002809,3.0,614.0
2021-04-12 00:00:00.000,1770,110140,20210412,00:00,2021-10-07 10:30:51.51,8152781.0,1.366919627,2.0,587.0
2021-04-13 00:00:00.000,1775,110682,20210413,00:00,2021-10-07 10:30:51.51,8200517.0,1.36392993,5.0,542.0
2021-04-14 00:00:00.000,1782,111413,20210414,00:00,2021-10-07 10:30:51.51,8245386.0,1.363557535,7.0,731.0
2021-04-15 00:00:00.000,1788,112111,20210415,00:00,2021-10-07 10:30:51.51,8291124.0,1.363730967,6.0,698.0
2021-04-16 00:00:00.000,1790,112784,20210416,00:00,2021-10-07 10:30:51.51,8333331.0,1.365019181,2.0,673.0
2021-04-17 00:00:00.000,1794,113442,20210417,00:00,2021-10-07 10:30:51.51,8377778.0,1.365662265,4.0,658.0
2021-04-18 00:00:00.000,1797,114113,20210418,00:00,2021-10-07 10:30:51.51,8396065.0,1.37091215,3.0,671.0
2021-04-19 00:00:00.000,1801,114645,20210419,00:00,2021-10-07 10:30:51.51,8414820.0,1.373971918,4.0,532.0
2021-04-20 00:00:00.000,1802,115194,20210420,00:00,2021-10-07 10:30:51.51,8458591.0,1.372664279,1.0,549.0
2021-04-21 00:00:00.000,1806,115925,20210421,00:00,2021-10-07 10:30:51.51,8497593.0,1.375085969,4.0,731.0
2021-04-22 00:00:00.000,1808,116660,20210422,00:00,2021-10-07 10:30:51.51,8537504.0,1.377272408,2.0,735.0
2021-04-23 00:00:00.000,1811,117457,20210423,00:00,2021-10-07 10:30:51.51,8583529.0,1.374796777,3.0,797.0
2021-04-24 00:00:00.000,1812,118242,20210424,00:00,2021-10-07 10:30:51.51,8632922.0,1.382195163,1.0,785.0
2021-04-25 00:00:00.000,1813,118886,20210425,00:00,2021-10-07 10:30:51.51,8654790.0,1.386065198,1.0,644.0
2021-04-26 00:00:00.000,1817,119385,20210426,00:00,2021-10-07 10:30:51.51,8672977.0,1.389022528,4.0,499.0
2021-04-27 00:00:00.000,1820,119897,20210427,00:00,2021-10-07 10:30:51.51,8721608.0,1.386878116,3.0,512.0
2021-04-28 00:00:00.000,1821,120666,20210428,00:00,2021-10-07 10:30:51.51,8766496.0,1.388668632,1.0,769.0
2021-04-29 00:00:00.000,1825,121345,20210429,00:00,2021-10-07 10:30:51.51,8805778.0,1.390712113,4.0,679.0
2021-04-30 00:00:00.000,1828,122006,20210430,00:00,2021-10-07 10:30:51.51,8848291.0,1.391844194,3.0,661.0
2021-05-01 00:00:00.000,1831,122633,20210501,00:00,2021-10-07 10:30:51.51,8883387.0,1.393845883,3.0,627.0
2021-05-02 00:00:00.000,1833,123239,20210502,00:00,2021-10-07 10:30:51.51,8898233.0,1.398595447,2.0,606.0
2021-05-03 00:00:00.000,1834,123727,20210503,00:00,2021-10-07 10:30:51.51,8915325.0,1.401798692,1.0,488.0
2021-05-04 00:00:00.000,1840,124268,20210504,00:00,2021-10-07 10:30:51.51,8957154.0,1.399562882,6.0,541.0
2021-05-05 00:00:00.000,1847,124944,20210505,00:00,2021-10-07 10:30:51.51,8994068.0,1.401491609,7.0,676.0
2021-05-06 00:00:00.000,1851,125518,20210506,00:00,2021-10-07 10:30:51.51,9010991.0,1.404957457,4.0,574.0
2021-05-07 00:00:00.000,1860,126043,20210507,00:00,2021-10-07 10:30:51.51,9051353.0,1.404776863,9.0,525.0
2021-05-08 00:00:00.000,1865,126744,20210508,00:00,2021-10-07 10:30:51.51,9089165.0,1.406562226,5.0,701.0
2021-05-09 00:00:00.000,1874,127308,20210509,00:00,2021-10-07 10:30:51.51,9105770.0,1.410694676,9.0,564.0
2021-05-10 00:00:00.000,1875,127771,20210510,00:00,2021-10-07 10:30:51.51,9122058.0,1.413605557,1.0,463.0
2021-05-11 00:00:00.000,1879,128281,20210511,00:00,2021-10-07 10:30:51.51,9164283.0,1.412840025,4.0,510.0
2021-05-12 00:00:00.000,1884,128915,20210512,00:00,2021-10-07 10:30:51.51,9201538.0,1.413966632,5.0,634.0
2021-05-13 00:00:00.000,1891,129630,20210513,00:00,2021-10-07 10:30:51.51,9241152.0,1.416158717,7.0,715.0
2021-05-14 00:00:00.000,1893,130377,20210514,00:00,2021-10-07 10:30:51.51,9281290.0,1.419288441,2.0,747.0
2021-05-15 00:00:00.000,1896,131058,20210515,00:00,2021-10-07 10:30:51.51,9319093.0,1.421472325,3.0,681.0
2021-05-16 00:00:00.000,1900,131668,20210516,00:00,2021-10-07 10:30:51.51,9336613.0,1.425757584,4.0,610.0
2021-05-17 00:00:00.000,1903,132287,20210517,00:00,2021-10-07 10:30:51.51,9353299.0,1.429898627,3.0,619.0
2021-05-18 00:00:00.000,1904,132815,20210518,00:00,2021-10-07 10:30:51.51,9395003.0,1.429410897,1.0,528.0
2021-05-19 00:00:00.000,1912,133469,20210519,00:00,2021-10-07 10:30:51.51,9428643.0,1.431433582,8.0,654.0
2021-05-20 00:00:00.000,1916,134115,20210520,00:00,2021-10-07 10:30:51.51,9447357.0,1.436153877,4.0,646.0
2021-05-21 00:00:00.000,1922,134676,20210521,00:00,2021-10-07 10:30:51.51,9487107.0,1.4368562,6.0,561.0
2021-05-22 00:00:00.000,1926,135342,20210522,00:00,2021-10-07 10:30:51.51,9520965.0,1.439286846,4.0,666.0
2021-05-23 00:00:00.000,1931,135927,20210523,00:00,2021-10-07 10:30:51.51,9536298.0,1.443871791,5.0,585.0
2021-05-24 00:00:00.000,1934,136457,20210524,00:00,2021-10-07 10:30:51.51,9553612.0,1.446605861,3.0,530.0
2021-05-25 00:00:00.000,1938,136973,20210525,00:00,2021-10-07 10:30:51.51,9592726.0,1.445529521,4.0,516.0
2021-05-26 00:00:00.000,1940,137678,20210526,00:00,2021-10-07 10:30:51.51,9629455.0,1.447963934,2.0,705.0
2021-05-27 00:00:00.000,1943,138307,20210527,00:00,2021-10-07 10:30:51.51,9665690.0,1.449298446,3.0,629.0
2021-05-28 00:00:00.000,1946,138894,20210528,00:00,2021-10-07 10:30:51.51,9702453.0,1.449896399,3.0,587.0
2021-05-29 00:00:00.000,1951,139427,20210529,00:00,2021-10-07 10:30:51.51,9733588.0,1.450883775,5.0,533.0
2021-05-30 00:00:00.000,1957,139907,20210530,00:00,2021-10-07 10:30:51.51,9747612.0,1.454165571,6.0,480.0
2021-05-31 00:00:00.000,1959,140337,20210531,00:00,2021-10-14 13:48:56.821,9761156.0,1.4568051768,2.0,430.0
2021-06-01 00:00:00.000,1963,140796,20210601,00:00,2021-10-07 10:30:51.51,9798400.0,1.455889634,4.0,459.0
2021-06-02 00:00:00.000,1965,141473,20210602,00:00,2021-10-07 10:30:51.51,9834348.0,1.457668392,2.0,677.0
2021-06-03 00:00:00.000,1968,142154,20210603,00:00,2021-10-07 10:30:51.51,9872322.0,1.459112138,3.0,681.0
2021-06-04 00:00:00.000,1969,142849,20210604,00:00,2021-10-07 10:30:51.51,9911322.0,1.461000475,1.0,695.0
2021-06-05 00:00:00.000,1971,143593,20210605,00:00,2021-10-07 10:30:51.51,9945952.0,1.463921944,2.0,744.0
2021-06-06 00:00:00.000,1973,144149,20210606,00:00,2021-10-07 10:30:51.51,9959695.0,1.467429756,2.0,556.0
2021-06-07 00:00:00.000,1974,144634,20210607,00:00,2021-10-07 10:30:51.51,9972295.0,1.470490004,1.0,485.0
2021-06-08 00:00:00.000,1975,145088,20210608,00:00,2021-10-07 10:30:51.51,10008582.0,1.470090853,1.0,454.0
2021-06-09 00:00:00.000,1977,145690,20210609,00:00,2021-10-07 10:30:51.51,10044782.0,1.469633196,2.0,602.0
2021-06-10 00:00:00.000,1979,146300,20210610,00:00,2021-10-07 10:30:51.51,10076861.0,1.470864122,2.0,610.0
2021-06-11 00:00:00.000,1981,146856,20210611,00:00,2021-10-07 10:30:51.51,10111063.0,1.471899741,2.0,556.0
2021-06-12 00:00:00.000,1982,147421,20210612,00:00,2021-10-07 10:30:51.51,10140534.0,1.47151213,1.0,565.0
2021-06-13 00:00:00.000,1985,147873,20210613,00:00,2021-10-07 10:30:51.51,10152906.0,1.474543917,3.0,452.0
2021-06-14 00:00:00.000,1988,148272,20210614,00:00,2021-10-07 10:30:51.51,10165496.0,1.476508035,3.0,399.0
2021-06-15 00:00:00.000,1992,148645,20210615,00:00,2021-10-07 10:30:51.51,10196468.0,1.475706268,4.0,373.0
2021-06-16 00:00:00.000,1993,149190,20210616,00:00,2021-10-07 10:30:51.51,10229383.0,1.475577311,1.0,545.0
2021-06-17 00:00:00.000,1994,149730,20210617,00:00,2021-10-07 10:30:51.51,10257835.0,1.477134747,1.0,540.0
2021-06-18 00:00:00.000,1996,150237,20210618,00:00,2021-10-07 10:30:51.51,10294047.0,1.477516692,2.0,507.0
2021-06-19 00:00:00.000,1997,150719,20210619,00:00,2021-10-07 10:30:51.51,10323153.0,1.478444312,1.0,482.0
2021-06-20 00:00:00.000,2002,151148,20210620,00:00,2021-10-07 10:30:51.51,10335633.0,1.481179366,5.0,429.0
2021-06-21 00:00:00.000,2004,151505,20210621,00:00,2021-10-07 10:30:51.51,10346046.0,1.48278272,2.0,357.0
2021-06-22 00:00:00.000,2006,151899,20210622,00:00,2021-10-07 10:30:51.51,10380042.0,1.481520134,2.0,394.0
2021-06-23 00:00:00.000,2007,152544,20210623,00:00,2021-10-07 10:30:51.51,10409948.0,1.483868388,1.0,645.0
2021-06-24 00:00:00.000,2008,153154,20210624,00:00,2021-10-07 10:30:51.51,10438781.0,1.484365384,1.0,610.0
2021-06-25 00:00:00.000,2009,153788,20210625,00:00,2021-10-07 10:30:51.51,10466544.0,1.486685106,1.0,634.0
2021-06-26 00:00:00.000,2012,154456,20210626,00:00,2021-10-07 10:30:51.51,10495515.0,1.487880387,3.0,668.0
2021-06-27 00:00:00.000,2013,155070,20210627,00:00,2021-10-07 10:30:51.51,10508677.0,1.492162323,1.0,614.0
2021-06-28 00:00:00.000,2015,155571,20210628,00:00,2021-10-07 10:30:51.51,10520928.0,1.495000281,2.0,501.0
2021-06-29 00:00:00.000,2017,156166,20210629,00:00,2021-10-07 10:30:51.51,10555740.0,1.496003116,2.0,595.0
2021-06-30 00:00:00.000,2018,156960,20210630,00:00,2021-10-07 10:30:51.51,10579071.0,1.499862255,1.0,794.0
2021-07-01 00:00:00.000,2021,157721,20210701,00:00,2021-10-07 10:30:51.51,10614315.0,1.503624138,3.0,761.0
2021-07-02 00:00:00.000,2024,158546,20210702,00:00,2021-10-07 10:30:51.51,10641601.0,1.508391023,3.0,825.0
2021-07-03 00:00:00.000,2025,159340,20210703,00:00,2021-10-07 10:30:51.51,10670616.0,1.512237172,1.0,794.0
2021-07-04 00:00:00.000,2026,160083,20210704,00:00,2021-10-07 10:30:51.51,10685124.0,1.517543135,1.0,743.0
2021-07-05 00:00:00.000,2028,160794,20210705,00:00,2021-10-07 10:30:51.51,10700133.0,1.521915262,2.0,711.0
2021-07-06 00:00:00.000,2032,161540,20210706,00:00,2021-10-07 10:30:51.51,10735715.0,1.52482307,4.0,746.0
2021-07-07 00:00:00.000,2033,162751,20210707,00:00,2021-10-07 10:30:51.51,10766500.0,1.531954059,1.0,1211.0
2021-07-08 00:00:00.000,2034,164026,20210708,00:00,2021-10-07 10:30:51.51,10802780.0,1.539915705,1.0,1275.0
2021-07-09 00:00:00.000,2036,165342,20210709,00:00,2021-10-07 10:30:51.51,10844215.0,1.547603102,2.0,1316.0
2021-07-10 00:00:00.000,2038,166720,20210710,00:00,2021-10-07 10:30:51.51,10881638.0,1.556397131,2.0,1378.0
2021-07-11 00:00:00.000,2043,168044,20210711,00:00,2021-10-07 10:30:51.51,10902276.0,1.566666486,5.0,1324.0
2021-07-12 00:00:00.000,2044,169144,20210712,00:00,2021-10-07 10:30:51.51,10919896.0,1.574131766,1.0,1100.0
2021-07-13 00:00:00.000,2046,170294,20210713,00:00,2021-10-07 10:30:51.51,10964297.0,1.578964888,2.0,1150.0
2021-07-14 00:00:00.000,2048,171907,20210714,00:00,2021-10-07 10:30:51.51,11008857.0,1.587769115,2.0,1613.0
2021-07-15 00:00:00.000,2050,173506,20210715,00:00,2021-10-07 10:30:51.51,11060454.0,1.598253496,2.0,1599.0
2021-07-16 00:00:00.000,2051,175041,20210716,00:00,2021-10-07 10:30:51.51,11108582.0,1.60729781,1.0,1535.0
2021-07-17 00:00:00.000,2055,176490,20210717,00:00,2021-10-07 10:30:51.51,11149223.0,1.615973942,4.0,1449.0
2021-07-18 00:00:00.000,2057,177943,20210718,00:00,2021-10-07 10:30:51.51,11175977.0,1.630927675,2.0,1453.0
2021-07-19 00:00:00.000,2058,179194,20210719,00:00,2021-10-07 10:30:51.51,11202429.0,1.634722225,1.0,1251.0
2021-07-20 00:00:00.000,2059,180472,20210720,00:00,2021-10-07 10:30:51.51,11251982.0,1.639564831,1.0,1278.0
2021-07-21 00:00:00.000,2060,182253,20210721,00:00,2021-10-07 10:30:51.51,11298669.0,1.649873688,1.0,1781.0
2021-07-22 00:00:00.000,2063,184094,20210722,00:00,2021-10-07 10:30:51.51,11343913.0,1.662335814,3.0,1841.0
2021-07-23 00:00:00.000,2066,185723,20210723,00:00,2021-10-07 10:30:51.51,11388299.0,1.671630834,3.0,1629.0
2021-07-24 00:00:00.000,2068,187350,20210724,00:00,2021-10-07 10:30:51.51,11430518.0,1.67939231,2.0,1627.0
2021-07-25 00:00:00.000,2073,188837,20210725,00:00,2021-10-07 10:30:51.51,11453340.0,1.689275533,5.0,1487.0
2021-07-26 00:00:00.000,2077,190155,20210726,00:00,2021-10-07 10:30:51.51,11472339.0,1.699126896,4.0,1318.0
2021-07-27 00:00:00.000,2079,191518,20210727,00:00,2021-10-07 10:30:51.51,11528602.0,1.707057587,2.0,1363.0
2021-07-28 00:00:00.000,2083,193413,20210728,00:00,2021-10-07 10:30:51.51,11585607.0,1.717447696,4.0,1895.0
2021-07-29 00:00:00.000,2085,195086,20210729,00:00,2021-10-07 10:30:51.51,11637500.0,1.727162415,2.0,1673.0
2021-07-30 00:00:00.000,2089,196796,20210730,00:00,2021-10-07 10:30:51.51,11682962.0,1.737598412,4.0,1710.0
2021-07-31 00:00:00.000,2095,198334,20210731,00:00,2021-10-07 10:30:51.51,11728815.0,1.745957213,6.0,1538.0
2021-08-01 00:00:00.000,2098,199776,20210801,00:00,2021-10-07 10:30:51.51,11751780.0,1.756553576,3.0,1442.0
2021-08-02 00:00:00.000,2099,200994,20210802,00:00,2021-10-07 10:30:51.51,11772599.0,1.765361674,1.0,1218.0
2021-08-03 00:00:00.000,2104,202194,20210803,00:00,2021-10-07 10:30:51.51,11820011.0,1.765622622,5.0,1200.0
2021-08-04 00:00:00.000,2106,203919,20210804,00:00,2021-10-07 10:30:51.51,11864240.0,1.77841233,2.0,1725.0
2021-08-05 00:00:00.000,2109,205694,20210805,00:00,2021-10-07 10:30:51.51,11908430.0,1.789742069,3.0,1775.0
2021-08-06 00:00:00.000,2113,207398,20210806,00:00,2021-10-07 10:30:51.51,11951646.0,1.799611891,4.0,1704.0
2021-08-07 00:00:00.000,2116,209221,20210807,00:00,2021-10-07 10:30:51.51,11995923.0,1.811282604,3.0,1823.0
2021-08-08 00:00:00.0,2121,210948,20210808,00:00,2021-10-28 20:31:36.737,12027437.0,1.8246269102,5.0,1727.0
2021-08-09 00:00:00.0,2125,212439,20210809,00:00,2021-10-28 20:27:36.514,12057824.0,1.8329008458,4.0,1491.0
2021-08-10 00:00:00.0,2134,213976,20210810,00:00,2021-10-28 20:27:07.024,12112079.0,1.8373099383,9.0,1537.0
2021-08-11 00:00:00.0,2135,216197,20210811,00:00,2021-10-28 20:26:29.769,12156192.0,1.8528855321,1.0,2221.0
2021-08-12 00:00:00.0,2138,218184,20210812,00:00,2021-10-28 20:25:41.348,12207035.0,1.8653085221,3.0,1987.0
2021-08-13 00:00:00.0,2144,220173,20210813,00:00,2021-10-28 20:20:39.71,12257959.0,1.8788618674,6.0,1989.0
2021-08-14 00:00:00.0,2148,222101,20210814,00:00,2021-10-28 20:19:59.1,12309273.0,1.8907735433,4.0,1928.0
2021-08-15 00:00:00.0,2156,223917,20210815,00:00,2021-10-28 20:19:10.498,12344711.0,1.9041241268,8.0,1816.0
2021-08-16 00:00:00.0,2167,225471,20210816,00:00,2021-10-28 20:18:00.209,12372769.0,1.9144144144,11.0,1554.0
2021-08-17 00:00:00.0,2173,226843,20210817,00:00,2021-10-28 20:17:26.816,12404969.0,1.8771729143,6.0,1372.0
2021-08-18 00:00:00.0,2178,228646,20210818,00:00,2021-10-28 20:16:22.884,12461676.0,1.9332627544,5.0,1803.0
2021-08-19 00:00:00.0,2191,230798,20210819,00:00,2021-10-28 19:58:28.318,12518695.0,1.9450436142,13.0,2152.0
2021-08-20 00:00:00.0,2197,232938,20210820,00:00,2021-10-28 19:57:43.769,12567090.0,1.9562292672,6.0,2140.0
2021-08-21 00:00:00.0,2202,234725,20210821,00:00,2021-10-28 19:56:39.865,12632591.0,1.9618302101,5.0,1787.0
2021-08-22 00:00:00.0,2215,236351,20210822,00:00,2021-10-28 19:55:44.759,12664332.0,1.9719111271,13.0,1626.0
2021-08-23 00:00:00.0,2222,237768,20210823,00:00,2021-10-28 19:55:03.137,12694018.0,1.9806118815,7.0,1417.0
2021-08-24 00:00:00.0,2228,239275,20210824,00:00,2021-10-28 19:54:27.094,12749751.0,1.9837816985,6.0,1507.0
2021-08-25 00:00:00.0,2237,241429,20210825,00:00,2021-10-28 19:53:45.286,12806608.0,1.9937943791,9.0,2154.0
2021-08-26 00:00:00.0,2257,243311,20210826,00:00,2021-10-28 19:53:00.801,12866797.0,2.0015386389,20.0,1882.0
2021-08-27 00:00:00.0,2265,245148,20210827,00:00,2021-10-28 19:52:24.206,12927789.0,2.007877595,8.0,1837.0
2021-08-28 00:00:00.0,2276,246939,20210828,00:00,2021-10-28 19:51:25.711,12983486.0,2.0174245601,11.0,1791.0
2021-08-29 00:00:00.0,2279,248558,20210829,00:00,2021-10-28 19:50:42.937,13015921.0,2.0284939755,3.0,1619.0
2021-08-30 00:00:00.0,2284,250043,20210830,00:00,2021-10-28 19:44:30.053,13049678.0,2.0357048445,5.0,1485.0
2021-08-31 00:00:00.0,2285,251413,20210831,00:00,2021-10-28 19:43:17.524,13094711.0,2.0368097463,1.0,1370.0
2021-09-01 09:37:02.395,2292,253437,20210901,00:00,2021-10-28 19:42:08.953,13152140.0,2.0486112823,7.0,2024.0
2021-09-02 09:37:25.055,2303,255397,20210902,00:00,2021-10-28 19:41:37.871,13223511.0,2.0590600836,11.0,1960.0
2021-09-03 09:44:30.979,2308,257105,20210903,00:00,2021-10-28 19:40:56.019,13286677.0,2.0631981163,5.0,1708.0
2021-09-04 09:41:36.458,2315,258908,20210904,00:00,2021-10-28 19:40:31.254,13350356.0,2.0712936609,7.0,1803.0
2021-09-05 10:48:36.114,2321,260398,20210905,00:00,2021-10-28 19:40:09.375,13382733.0,2.0818451237,6.0,1490.0
2021-09-06 09:43:09.889,2327,261773,20210906,00:00,2021-10-28 19:39:41.096,13416743.0,2.0899330761,6.0,1375.0
2021-09-07 09:39:03.178,2330,263370,20210907,00:00,2021-10-28 19:39:14.738,13468412.0,2.0933234213,3.0,1597.0
2021-09-08 09:39:50.468,2334,265417,20210908,00:00,2021-10-28 19:38:49.98,13519664.0,2.1029508357,4.0,2047.0
2021-09-09 09:40:59.551,2343,267466,20210909,00:00,2021-10-28 19:38:20.905,13568869.0,2.1108607132,9.0,2049.0
2021-09-10 09:40:06.372,2348,269359,20210910,00:00,2021-10-28 19:22:17.484,13615055.0,2.1165404367,5.0,1893.0
2021-09-11 09:42:37.082,2358,271223,20210911,00:00,2021-10-28 19:22:56.574,13665460.0,2.1238438972,10.0,1864.0
2021-09-12 09:35:58.19,2359,272978,20210912,00:00,2021-10-28 19:21:16.406,13704173.0,2.133681795,1.0,1755.0
2021-09-13 09:40:59.629,2360,274411,20210913,00:00,2021-10-28 19:20:08.897,13735740.0,2.1421622059,1.0,1433.0
2021-09-14 09:45:02.459,2367,275919,20210914,00:00,2021-10-28 19:13:59.622,13790239.0,2.1429205506,7.0,1508.0
2021-09-15 09:51:20.667,2380,277984,20210915,00:00,2021-10-28 19:14:12.98,13839087.0,2.1507521063,13.0,2065.0
2021-09-16 09:51:44.269,2386,279926,20210916,00:00,2021-10-28 19:14:42.389,13890499.0,2.1581912906,6.0,1942.0
2021-09-17 10:15:01.593,2389,281934,20210917,00:00,2021-10-28 19:14:59.754,13938955.0,2.1657706317,3.0,2008.0
2021-09-18 09:58:15.323,2394,284021,20210918,00:00,2021-10-28 19:15:16.036,13986615.0,2.1732822659,5.0,2087.0
2021-09-19 09:31:46.109,2403,285930,20210919,00:00,2021-09-29 20:06:48.46,14020498.0,2.1846289164,9.0,1909.0
2021-09-20 09:09:41.18,2409,287534,20210920,00:00,2021-09-29 20:04:59.469,14050974.0,2.1953447092,6.0,1604.0
2021-09-21 09:39:49.437,2413,289263,20210921,00:00,2021-09-29 20:03:48.311,14081284.0,2.2055202395,4.0,1729.0
2021-09-22 09:35:53.93,2419,290983,20210922,00:00,2021-09-29 20:01:46.502,14112435.0,2.2187986844,6.0,1720.0
2021-09-23 10:01:14.491,2427,292698,20210923,00:00,2021-10-28 19:04:10.216,14151069.0,2.2315508683,8.0,1715.0
2021-09-24 09:53:29.116,2434,295127,20210924,00:00,2021-10-28 19:03:18.131,14221682.0,2.2373051937,7.0,2429.0
2021-09-25 10:49:15.225,2441,298397,20210925,00:00,2021-10-27 21:20:33.866,14285337.0,2.2556083498,7.0,3270.0
2021-09-26 09:38:04.296,2450,301165,20210926,00:00,2021-11-01 06:38:11.541,14325932.0,2.2765394695,9.0,2768.0
2021-09-27 10:08:41.366,2456,303546,20210927,00:00,2021-11-01 06:38:21.019,14365928.0,2.2916366729,6.0,2381.0
2021-09-28 09:57:34.945,2464,305834,20210928,00:00,2021-11-01 06:38:31.954,14425565.0,2.3012044013,8.0,2288.0
2021-09-29 09:58:03.378,2474,308715,20210929,00:00,2021-11-01 06:38:56.4,14485251.0,2.3128818186,10.0,2881.0
2021-09-30 09:58:40.205,2481,311276,20210930,00:00,2021-11-01 06:39:07.437,14544246.0,2.3238937994,7.0,2561.0
2021-10-01 09:57:42.109,2497,313760,20211001,00:00,2021-11-01 06:39:17.105,14596211.0,2.3367517214,16.0,2484.0
2021-10-02 09:52:30.389,2504,316007,20211002,00:00,2021-11-01 06:39:30.832,14644685.0,2.3468498991,7.0,2247.0
2021-10-03 10:22:27.003,2507,318092,20211003,00:00,2021-10-28 09:26:02.548,14675115.0,2.3610926678,3.0,2085.0
2021-10-04 09:50:15.715,2513,319762,20211004,00:00,2021-10-28 09:26:15.517,14701211.0,2.3712389557,6.0,1670.0
2021-10-05 09:54:11.433,2524,321336,20211005,00:00,2021-10-28 09:26:38.781,14731627.0,2.3797170401,11.0,1574.0
2021-10-06 09:49:43.197,2536,323363,20211006,00:00,2021-10-28 09:26:50.574,14780938.0,2.384482953,12.0,2027.0
2021-10-07 09:48:27.592,2544,325788,20211007,00:00,2021-10-28 09:27:02.424,14833965.0,2.3965178152,8.0,2425.0
2021-10-08 09:46:59.694,2554,327959,20211008,00:00,2021-10-28 09:27:22.408,14882186.0,2.4027481497,10.0,2171.0
2021-10-09 09:42:58.176,2560,329912,20211009,00:00,2021-10-28 09:27:35.791,14925863.0,2.4118597481,6.0,1953.0
2021-10-10 09:40:09.109,2575,331506,20211010,00:00,2021-10-28 09:27:46.567,14951646.0,2.4215310314,15.0,1594.0
2021-10-11 09:36:36.635,2583,332803,20211011,00:00,2021-10-28 09:28:03.328,14977407.0,2.4253840387,8.0,1297.0
2021-10-12 10:34:11.074,2594,334149,20211012,00:00,2021-10-28 09:28:16.636,15007572.0,2.4335792555,11.0,1346.0
2021-10-13 09:35:45.02,2605,335732,20211013,00:00,2021-10-28 09:28:28.48,15062412.0,2.436982744,11.0,1583.0
2021-10-14 09:34:17.552,2618,337671,20211014,00:00,2021-10-28 09:28:39.581,15106360.0,2.4451502864,13.0,1939.0
2021-10-15 09:39:06.702,2626,339354,20211015,00:00,2021-10-28 19:13:07.804,15152521.0,2.4513858745,8.0,1683.0
2021-10-16 09:35:29.169,2644,340971,20211016,00:00,2021-10-28 09:29:35.805,15198187.0,2.4521548219,18.0,1617.0
2021-10-17 10:04:43.41,2660,342391,20211017,00:00,2021-10-28 09:29:46.068,15220864.0,2.4617514369,16.0,1420.0
2021-10-18 09:39:38.125,2668,343441,20211018,00:00,2021-10-28 09:29:55.295,15246346.0,2.466224513,8.0,1050.0
2021-10-19 09:37:01.052,2689,344514,20211019,00:00,2021-10-28 09:30:04.103,15296830.0,2.4655589015,21.0,1073.0
2021-10-20 09:37:29.36,2698,346085,20211020,00:00,2021-10-28 09:30:16.686,15344729.0,2.4685802309,9.0,1571.0
2021-10-21 09:43:46.67,2709,347526,20211021,00:00,2021-10-28 09:30:26.032,15392004.0,2.4721894162,11.0,1441.0
2021-10-22 09:40:09.614,2725,348964,20211022,00:00,2021-10-28 09:30:42.515,15437382.0,2.4731308076,16.0,1438.0
2021-10-23 10:02:54.872,2745,350472,20211023,00:00,2021-10-28 09:30:49.899,15481469.0,2.4782031513,20.0,1508.0
2021-10-24 09:33:19.08,2766,351893,20211024,00:00,2021-10-30 09:45:50.551,15504979.0,2.4867673642,21.0,1421.0
2021-10-25 09:45:03.736,2773,353083,20211025,00:00,2021-10-30 09:44:54.809,15530472.0,2.4931384199,7.0,1190.0
2021-10-26 09:39:33.439,2788,354355,20211026,00:00,2021-10-26 19:11:36.585,15579430.0,2.4932471843,15.0,1272.0
2021-10-27 10:10:24.763,2797,356300,20211027,00:00,2021-10-30 09:44:12.063,15628306.0,2.5019099621,9.0,1945.0
2021-10-28 09:33:44.198,2808,358411,20211028,00:00,2021-11-01 06:34:15.071,15678186.0,2.5082902607,11.0,2111.0
2021-10-29 09:31:17.46,2817,360532,20211029,00:00,2021-11-04 09:32:05.724,15730782.0,2.5085565147,9.0,2121.0
2021-10-30 09:42:07.803,2830,362636,20211030,00:00,2021-11-04 09:31:55.49,15775697.0,2.5166866619,13.0,2104.0
2021-10-31 09:17:32.729,2849,364697,20211031,00:00,2021-11-04 09:31:44.097,15804062.0,2.5296141387,19.0,2061.0
2021-11-01 06:42:25.145,2858,366382,20211101,00:00,2021-11-04 09:31:23.547,15849300.0,2.5398746637,9.0,1685.0
2021-11-02 09:30:05.194,2874,367970,20211102,00:00,2021-11-04 09:31:12.867,15905185.0,2.5445079716,16.0,1588.0
2021-11-03 09:28:24.308,2892,370637,20211103,00:00,2021-11-10 09:30:45.522,15953526.0,2.5556917627,18.0,2667.0
2021-11-04 09:27:32.684,2916,373119,20211104,00:00,2021-11-10 09:30:32.046,16001231.0,2.5668151436,24.0,2482.0
2021-11-05 09:27:51.19,2936,375462,20211105,00:00,2021-11-10 09:31:04.838,16051667.0,2.5757787802,20.0,2343.0
2021-11-06 09:37:28.182,2956,377708,20211106,00:00,2021-11-10 09:31:27.892,16099185.0,2.5822658496,20.0,2246.0
2021-11-07 09:29:07.692,2967,379933,20211107,00:00,2021-11-10 09:31:43.446,16130872.0,2.5963907494,11.0,2225.0
2021-11-08 09:28:41.663,2980,381687,20211108,00:00,2021-11-13 09:42:01.038,16160828.0,2.6067095314,13.0,1754.0
2021-11-09 09:24:09.116,2998,383404,20211109,00:00,2021-11-13 09:41:17.955,16212870.0,2.6095236409,18.0,1717.0
2021-11-10 09:28:27.999,3012,385829,20211110,00:00,2021-11-13 09:40:59.266,16261877.0,2.6177317437,14.0,2425.0
2021-11-11 09:27:17.639,3033,388347,20211111,00:00,2021-11-18 09:08:03.088,16312771.0,2.6310586971,21.0,2518.0
2021-11-12 09:27:05.279,3051,390715,20211112,00:00,2021-11-18 09:08:13.992,16361028.0,2.6423856059,18.0,2368.0
2021-11-13 09:30:57.908,3083,393039,20211113,00:00,2021-11-18 09:08:25.526,16408598.0,2.6527467749,32.0,2324.0
2021-11-14 09:44:03.248,3103,395457,20211114,00:00,2021-11-18 09:08:34.921,16440427.0,2.6672941166,20.0,2418.0
2021-11-15 09:35:56.024,3115,397461,20211115,00:00,2021-11-23 09:01:48.978,16470969.0,2.6790554752,12.0,2004.0
2021-11-16 08:39:32.225,3137,399583,20211116,00:00,2021-11-23 09:01:35.496,16525384.0,2.6803405626,22.0,2122.0
2021-11-17 08:48:17.282,3158,402772,20211117,00:00,2021-11-23 09:01:22.695,16575880.0,2.6964960387,21.0,3189.0
2021-11-18 08:34:37.757,3187,406064,20211118,00:00,2021-11-23 09:01:10.675,16631273.0,2.7106180403,29.0,3292.0
2021-11-19 08:54:43.169,3215,409097,20211119,00:00,2021-11-26 09:28:44.079,16684168.0,2.7234260964,28.0,3033.0
2021-11-20 08:51:26.319,3244,412302,20211120,00:00,2021-11-26 09:28:52.855,16740119.0,2.7401775942,29.0,3205.0
2021-11-21 09:05:22.138,3274,415422,20211121,00:00,2021-11-26 09:29:24.197,16777679.0,2.7608226124,30.0,3120.0
2021-11-22 09:07:45.615,3298,418249,20211122,00:00,2021-11-26 09:29:38.144,16816616.0,2.7782488467,24.0,2827.0
2021-11-23 08:59:47.863,3328,420946,20211123,00:00,2021-11-30 09:06:13.348,16878955.0,2.7879081456,30.0,2697.0
2021-11-24 09:08:22.071,3362,425059,20211124,00:00,2021-12-02 09:06:01.826,16939923.0,,34.0,4113.0
2021-11-25 09:00:47.897,3401,428996,20211125,00:00,2021-12-02 09:06:12.94,16998733.0,,39.0,3937.0
2021-11-26 09:03:03.973,3440,432892,20211126,00:00,2021-12-02 09:06:24.138,17056003.0,,39.0,3896.0
2021-11-27 09:32:36.026,3492,436959,20211127,00:00,2021-12-02 09:06:37.327,17115754.0,,52.0,4067.0
2021-11-28 08:58:53.394,3548,440884,20211128,00:00,2021-12-02 09:06:50.152,17158535.0,,56.0,3925.0
2021-11-29 09:05:16.736,3580,444191,20211129,00:00,2021-12-12 08:49:29.039,17200325.0,,32.0,3307.0
2021-11-30 09:02:25.81,3624,447222,20211130,00:00,2021-12-12 08:49:40.135,17265258.0,,44.0,3031.0
2021-12-01 09:01:08.27,3658,452344,20211201,00:00,2021-12-12 08:49:50.763,17329295.0,,34.0,5122.0
2021-12-02 19:20:16.0,3705,457607,20211202,00:00,2021-12-12 08:50:00.156,17391434.0,,47.0,5263.0
2021-12-03 09:09:08.418,3739,462551,20211203,00:00,2021-12-12 08:50:09.419,17457487.0,,34.0,4944.0
2021-12-04 09:08:47.492,3809,467903,20211204,00:00,2021-12-12 08:50:18.992,17527015.0,,70.0,5352.0
2021-12-05 08:34:20.927,3852,473028,20211205,00:00,2021-12-14 09:35:51.094,17577570.0,,43.0,5125.0
2021-12-06 09:00:01.23,3893,477352,20211206,00:00,2021-12-14 09:35:42.827,17628218.0,,41.0,4324.0
2021-12-07 09:03:37.814,3957,482305,20211207,00:00,2021-12-15 09:03:25.128,17709512.0,,64.0,4953.0
2021-12-08 08:56:34.509,4020,489478,20211208,00:00,2021-12-17 09:07:45.766,17787657.0,,63.0,7173.0
2021-12-09 09:05:11.285,4077,496853,20211209,00:00,2021-12-17 09:07:54.162,17870821.0,,57.0,7375.0
2021-12-10 09:04:53.786,4130,503601,20211210,00:00,2021-12-17 09:08:03.447,17950721.0,,53.0,6748.0
2021-12-11 06:19:00.000,4210,510578,20211211,00:00,,18024403.0,,80.0,6977.0
2021-12-12 08:35:19.089,4252,517259,20211212,00:00,2021-12-20 09:03:46.785,18084589.0,,42.0,6681.0
2021-12-13 09:00:10.891,4292,523075,20211213,00:00,2021-12-22 09:19:51.783,18140572.0,,40.0,5816.0
2021-12-14 09:05:48.519,4386,528642,20211214,00:00,2021-12-22 09:20:01.681,18224740.0,,94.0,5567.0
2021-12-15 09:02:08.087,4456,536491,20211215,00:00,2021-12-25 07:34:57.519,18298675.0,,70.0,7849.0
2021-12-16 09:09:11.111,4518,544110,20211216,00:00,2021-12-25 07:35:06.184,18381569.0,,62.0,7619.0
2021-12-17 09:07:19.97,4591,551544,20211217,00:00,2021-12-25 07:35:15.466,18460563.0,,73.0,7434.0
2021-12-18 09:10:13.455,4644,558854,20211218,00:00,2021-12-26 08:00:22.206,18539009.0,,53.0,7310.0
2021-12-19 09:00:28.825,4722,565087,20211219,00:00,2021-12-26 08:00:34.995,18593165.0,,78.0,6233.0
2021-12-20 09:02:35.235,4776,570403,20211220,00:00,2021-12-26 08:00:45.727,18645857.0,,54.0,5316.0
2021-12-21 09:01:45.74,4828,575595,20211221,00:00,2021-12-29 08:57:08.866,18718803.0,,52.0,5192.0
2021-12-22 09:18:12.299,4906,583047,20211222,00:00,2021-12-30 09:07:39.267,18786344.0,,78.0,7452.0
2021-12-23 08:52:40.512,5015,589961,20211223,00:00,2021-12-31 09:05:02.888,18859285.0,,109.0,6914.0
2021-12-24 09:02:52.845,5071,596194,20211224,00:00,2021-12-31 09:05:10.596,18929158.0,,56.0,6233.0
2021-12-25 07:33:26.751,5176,602034,20211225,00:00,2022-01-01 12:55:55.606,18994820.0,,105.0,5840.0
2021-12-26 07:59:54.187,5245,607447,20211226,00:00,2022-01-03 08:59:43.368,19040194.0,,69.0,5413.0
2021-12-27 08:59:50.623,5300,611650,20211227,00:00,2022-01-04 09:05:27.24,19082135.0,,55.0,4203.0
2021-12-28 09:01:15.646,5346,615514,20211228,00:00,2022-01-04 09:05:38.235,19141481.0,,46.0,3864.0
2021-12-29 08:56:22.982,5382,620921,20211229,00:00,2022-01-04 09:05:44.529,19196738.0,,36.0,5407.0
2021-12-30 09:06:07.06,5455,625955,20211230,00:00,2022-01-04 09:05:54.411,19251165.0,,73.0,5034.0
2021-12-31 09:04:09.35,5563,630828,20211231,00:00,2022-01-08 09:39:49.89,19309072.0,,108.0,4873.0
2022-01-01 09:02:39.218,5625,635243,20220101,00:00,2022-01-08 09:40:05.3,19364122.0,,62.0,4415.0
2022-01-02 08:57:24.688,5694,639074,20220102,00:00,2022-01-08 09:40:16.808,19456900.0,,69.0,3831.0
2022-01-03 08:58:35.591,5730,642199,20220103,00:00,2022-01-08 09:40:28.974,19546883.0,,36.0,3125.0
2022-01-04 09:04:35.476,5781,645220,20220104,00:00,2022-01-12 09:09:14.713,19671880.0,,51.0,3021.0
2022-01-05 09:01:59.247,5838,649661,20220105,00:00,2022-01-12 09:09:21.324,19778824.0,,57.0,4441.0
2022-01-06 08:59:04.372,5887,653783,20220106,00:00,2022-01-14 09:00:27.23,19875047.0,,49.0,4122.0
2022-01-07 09:04:22.334,5932,657496,20220107,00:00,2022-01-14 09:00:38.585,19971712.0,,45.0,3713.0
2022-01-08 08:38:42.084,5986,661003,20220108,00:00,2022-01-16 11:07:34.017,20046220.0,,54.0,3507.0
2022-01-09 08:47:53.411,6037,664374,20220109,00:00,2022-01-16 11:07:25.748,20099870.0,,51.0,3371.0
2022-01-10 09:06:03.096,6071,667379,20220110,00:00,2022-01-16 11:07:18.403,20148476.0,,34.0,3005.0
2022-01-11 09:07:41.087,6114,670471,20220111,00:00,2022-01-24 14:20:11.807,20215297.0,,43.0,3092.0
2022-01-12 09:08:49.646,6166,674854,20220112,00:00,2022-01-19 09:03:22.963,20277357.0,,52.0,4383.0
2022-01-13 08:43:16.692,6210,679018,20220113,00:00,2022-01-19 09:03:32.883,20329715.0,,44.0,4164.0
2022-01-14 08:59:27.905,6259,683556,20220114,00:00,2022-01-19 09:03:44.328,20389154.0,,49.0,4538.0
2022-01-15 08:17:22.717,6281,687975,20220115,00:00,2022-01-20 09:15:33.87,20446099.0,,22.0,4419.0
2022-01-16 09:31:40.897,6310,692164,20220116,00:00,2022-01-28 09:06:48.796,20489023.0,,29.0,4189.0
2022-01-17 09:03:38.424,6333,696018,20220117,00:00,2022-01-28 09:06:55.793,20527722.0,,23.0,3854.0
2022-01-18 09:03:38.28,6378,700080,20220118,00:00,2022-01-28 09:07:01.638,20588481.0,,45.0,4062.0
2022-01-19 09:01:30.801,6452,705883,20220119,00:00,2022-01-28 09:07:08.094,20649522.0,,74.0,5803.0
2022-01-20 09:15:13.261,6480,712483,20220120,00:00,2022-01-28 09:07:20.195,20709568.0,,28.0,6600.0
2022-01-21 08:55:49.63,6501,719249,20220121,00:00,2022-01-28 09:07:28.893,20765930.0,,21.0,6766.0
2022-01-22 07:26:15.458,6529,726253,20220122,00:00,2022-02-02 09:06:40.166,20838500.0,,28.0,7004.0
2022-01-23 08:13:23.247,6540,733879,20220123,00:00,2022-02-02 09:06:30.706,20892539.0,,11.0,7626.0
2022-01-24 08:59:37.815,6565,741390,20220124,00:00,2022-02-02 09:06:21.743,20943638.0,,25.0,7511.0
2022-01-25 08:58:23.511,6588,749960,20220125,00:00,2022-02-02 09:06:12.847,21026346.0,,23.0,8570.0
2022-01-26 08:59:34.44,6620,762969,20220126,00:00,2022-02-02 09:06:04.543,21110639.0,,32.0,13009.0
2022-01-27 09:04:10.687,6654,777483,20220127,00:00,2022-02-02 09:05:52.264,21196354.0,,34.0,14514.0
2022-01-28 09:04:52.588,6678,793576,20220128,00:00,2022-02-04 08:58:55.443,21269304.0,,24.0,16093.0
2022-01-29 08:46:05.752,6712,811089,20220129,00:00,2022-02-04 08:59:02.84,21377393.0,,34.0,17513.0
2022-01-30 09:13:00.269,6732,828611,20220130,00:00,2022-02-07 09:05:54.937,21448119.0,,20.0,17522.0
2022-01-31 09:22:37.347,6755,845688,20220131,00:00,2022-02-07 09:06:04.861,21518073.0,,23.0,17077.0
2022-02-01 09:06:24.411,6772,864026,20220201,00:00,2022-02-09 13:04:21.424,,,17.0,18338.0
2022-02-02 09:04:49.92,6787,884294,20220202,00:00,2022-02-09 13:04:29.013,,,15.0,20268.0
2022-02-03 08:46:14.856,6812,907200,20220203,00:00,2022-02-09 13:04:42.741,,,25.0,22906.0
2022-02-04 08:58:40.476,6836,934638,20220204,00:00,2022-02-09 13:04:52.382,,,24.0,27438.0
2022-02-05 10:25:08.782,6858,970983,20220205,00:00,2022-02-09 13:05:01.221,,,22.0,36345.0
2022-02-06 09:21:40.142,6873,1009672,20220206,00:00,2022-02-09 13:05:11.818,,,15.0,38689.0
2022-02-07 09:01:20.8,6886,1044955,20220207,00:00,2022-02-09 13:05:22.271,,,13.0,35283.0
2022-02-08 10:14:19.994,6922,1081672,20220208,00:00,2022-02-09 13:05:32.357,,,36.0,36717.0
2022-02-09 10:37:00.08,6943,1131239,20220209,00:00,,,,21.0,49567.0
2022-02-10 09:04:23.377,6963,1185361,20220210,00:00,2022-02-10 09:06:18.131,,,20.0,54122.0
2022-02-11 08:37:42.029,7012,1239264,20220211,00:00,2022-02-12 22:25:54.07,,,49.0,53903.0
2022-02-12 09:06:44.105,7045,1294199,20220212,00:00,2022-02-13 08:50:59.578,,,33.0,54935.0
2022-02-13 08:50:26.798,7081,1350627,20220213,00:00,2022-02-14 09:03:09.631,,,36.0,56428.0
2022-02-14 09:01:51.395,7102,1405244,20220214,00:00,2022-02-15 09:02:24.905,,,21.0,54617.0
2022-02-15 09:01:44.846,7163,1462408,20220215,00:00,2022-02-16 09:20:55.138,,,61.0,57164.0
2022-02-16 09:20:27.8,7202,1552843,20220216,00:00,2022-02-17 08:52:33.561,,,39.0,90435.0
2022-02-17 08:52:05.139,7238,1645975,20220217,00:00,2022-02-18 09:05:35.842,,,36.0,93132.0
2022-02-18 09:04:59.618,7283,1755798,20220218,00:00,2022-02-19 09:00:52.083,,,45.0,109823.0
2022-02-19 09:00:04.109,7354,1858008,20220219,00:00,2022-02-20 08:52:45.133,,,71.0,102210.0
2022-02-20 08:51:11.122,7405,1962822,20220220,00:00,2022-02-21 09:05:38.992,,,51.0,104814.0
2022-02-21 09:05:08.307,7450,2058161,20220221,00:00,2022-02-22 09:07:07.41,,,45.0,95339.0
2022-02-22 09:06:38.772,7508,2157730,20220222,00:00,2022-02-23 09:13:50.655,,,58.0,99569.0
2022-02-23 09:12:48.876,7607,2329172,20220223,00:00,2022-02-24 09:46:50.038,,,99.0,171442.0
2022-02-24 09:45:42.528,7689,2499187,20220224,00:00,2022-02-25 09:19:57.585,,,82.0,170015.0
2022-02-25 09:19:35.533,7783,2665074,20220225,00:00,2022-02-26 09:11:20.409,,,94.0,165887.0
2022-02-26 09:10:30.918,7895,2831256,20220226,00:00,2022-03-06 09:45:32.611,,,112.0,166182.0
2022-02-27 08:54:59.059,7944,2994817,20220227,00:00,2022-03-06 09:43:04.008,,,49.0,163561.0
2022-02-28 08:56:05.34,8058,3134441,20220228,00:00,2022-03-06 09:42:40.367,,,114.0,139624.0
2022-03-01 09:12:42.55,8170,3273431,20220301,00:00,2022-03-06 09:42:18.383,,,112.0,138990.0
2022-03-02 09:05:42.681,8266,3492659,20220302,00:00,2022-03-06 09:42:03.65,,,96.0,219228.0
2022-03-03 09:08:34.548,8394,3691459,20220303,00:00,2022-03-06 09:41:48.252,,,128.0,198800.0
2022-03-04 08:59:56.036,8580,3958309,20220304,00:00,2022-03-06 09:41:30.29,,,186.0,266850.0
2022-03-05 09:41:58.429,8796,4212636,20220305,00:00,2022-03-06 09:41:13.104,,,216.0,254327.0
2022-03-06 09:40:46.49,8957,4456261,20220306,00:00,2022-03-07 09:06:48.272,,,161.0,243625.0
2022-03-07 09:06:07.52,9096,4666970,20220307,00:00,2022-03-08 08:58:58.236,,,139.0,210709.0
2022-03-08 08:58:30.75,9282,4869672,20220308,00:00,2022-03-09 08:58:41.872,,,186.0,202702.0
2022-03-09 08:57:50.503,9440,5212101,20220309,00:00,2022-03-10 09:08:10.52,,,158.0,342429.0
2022-03-10 09:07:48.264,9646,5539639,20220310,00:00,2022-03-11 08:57:08.866,,,206.0,327538.0
2022-03-11 08:56:23.53,9875,5822612,20220311,00:00,2022-03-19 09:48:19.456,,,229.0,282973.0
2022-03-12 08:53:24.338,10144,6206229,20220312,00:00,2022-03-19 09:47:59.929,,,269.0,383617.0
2022-03-13 09:13:37.486,10395,6556411,20220313,00:00,2022-03-19 09:47:34.07,,,251.0,350182.0
2022-03-14 09:01:32.362,10595,6866190,20220314,00:00,2022-03-19 09:47:04.422,,,200.0,309779.0
2022-03-15 09:08:41.063,10888,7228473,20220315,00:00,2022-03-22 09:00:06.26,,,293.0,362283.0
2022-03-16 09:07:33.011,11052,7629066,20220316,00:00,2022-03-23 09:20:49.513,,,164.0,400593.0
2022-03-17 09:28:28.783,11481,8250270,20220317,00:00,2022-03-24 09:06:26.685,,,429.0,621204.0
2022-03-18 09:06:55.679,11782,8657109,20220318,00:00,2022-03-25 09:08:11.617,,,301.0,406839.0
2022-03-19 09:20:10.848,12101,9038522,20220319,00:00,2022-03-25 09:07:49.638,,,319.0,381413.0
2022-03-20 09:22:09.424,12428,9373175,20220320,00:00,2022-03-25 09:07:29.159,,,327.0,334653.0
2022-03-21 09:10:38.912,12757,9582314,20220321,00:00,2022-03-25 09:07:01.306,,,329.0,209139.0
2022-03-22 08:56:35.519,13141,9936142,20220322,00:00,2022-03-29 09:12:46.454,,,384.0,353828.0
2022-03-23 09:18:19.212,13432,10426913,20220323,00:00,2022-03-30 09:09:59.926,,,291.0,490771.0
2022-03-24 09:03:23.4,13901,10822439,20220324,00:00,2022-03-31 09:07:42.756,,,469.0,395526.0
2022-03-25 09:00:20.4,14294,11161890,20220325,00:00,2022-04-01 09:07:43.379,,,393.0,339451.0
2022-03-26 08:53:27.922,14617,11497431,20220326,00:00,2022-04-01 09:07:16.344,,,323.0,335541.0
2022-03-27 08:52:08.378,14899,11815506,20220327,00:00,2022-04-01 09:07:01.085,,,282.0,318075.0
2022-03-28 09:06:58.274,15186,12002688,20220328,00:00,2022-04-01 09:06:45.033,,,287.0,187182.0
2022-03-29 09:10:15.043,15423,12350188,20220329,00:00,2022-04-01 09:06:30.566,,,237.0,347500.0
2022-03-30 09:07:48.451,15855,12774654,20220330,00:00,2022-04-06 13:45:06.86,,,432.0,424466.0
2022-03-31 09:00:17.446,16230,13095337,20220331,00:00,2022-04-07 09:08:39.321,,,375.0,320683.0
2022-04-01 09:04:54.638,16590,13375568,20220401,00:00,2022-04-08 09:09:14.895,,,360.0,280231.0
2022-04-02 09:27:09.919,16929,13639688,20220402,00:00,2022-04-09 09:24:07.877,,,339.0,264120.0
2022-04-03 09:11:21.229,17235,13873953,20220403,00:00,2022-04-09 09:23:35.402,,,306.0,234265.0
2022-04-04 09:03:19.219,17453,14001116,20220404,00:00,2022-04-09 09:23:05.652,,,218.0,127163.0
2022-04-05 09:05:37.473,17662,14267201,20220405,00:00,2022-04-12 09:10:13.425,,,209.0,266085.0
2022-04-06 09:07:21.018,18033,14553448,20220406,00:00,2022-04-13 09:10:16.582,,,371.0,286247.0
2022-04-07 09:05:52.46,18381,14778232,20220407,00:00,2022-04-14 09:10:37.437,,,348.0,224784.0
2022-04-08 09:06:47.712,18754,14983531,20220408,00:00,2022-04-15 09:02:28.696,,,373.0,205299.0
2022-04-09 09:00:27.673,19092,15169056,20220409,00:00,2022-04-16 09:26:26.083,,,338.0,185525.0
2022-04-10 08:56:28.573,19421,15333512,20220410,00:00,2022-04-16 09:26:12.275,,,329.0,164456.0
2022-04-11 09:07:55.866,19679,15424429,20220411,00:00,2022-04-16 09:25:56.127,,,258.0,90917.0
2022-04-12 09:07:12.559,19850,15635144,20220412,00:00,2022-04-19 09:07:50.743,,,171.0,210715.0
2022-04-13 09:07:39.457,20034,15830526,20220413,00:00,2022-04-20 09:08:04.743,,,184.0,195382.0
2022-04-14 09:08:23.122,20352,15978935,20220414,00:00,2022-04-21 09:13:41.99,,,318.0,148409.0
2022-04-15 09:00:09.721,20616,16104735,20220415,00:00,2022-04-22 09:10:59.181,,,264.0,125800.0
2022-04-16 09:24:06.211,20889,16212617,20220416,00:00,2022-04-23 09:58:40.198,,,273.0,107882.0
2022-04-17 09:22:50.974,21092,16305595,20220417,00:00,2022-04-23 09:58:26.82,,,203.0,92978.0
2022-04-18 09:00:48.728,21224,16353325,20220418,00:00,2022-04-23 09:58:10.581,,,132.0,47730.0
2022-04-19 09:05:13.63,21354,16471787,20220419,00:00,2022-04-26 09:12:56.04,,,130.0,118462.0
2022-04-20 09:05:36.813,21520,16583076,20220420,00:00,2022-04-27 09:03:39.849,,,166.0,111289.0
2022-04-21 09:05:31.131,21667,16673919,20220421,00:00,2022-04-28 09:04:37.11,,,147.0,90843.0
2022-04-22 09:08:41.733,21873,16754952,20220422,00:00,2022-04-29 09:05:42.917,,,206.0,81033.0
2022-04-23 08:54:03.35,22024,16830375,20220423,00:00,2022-04-30 09:24:15.874,,,151.0,75423.0
2022-04-24 08:36:32.893,22133,16895079,20220424,00:00,2022-04-30 09:25:01.983,,,109.0,64704.0
2022-04-25 09:02:21.688,22243,16929440,20220425,00:00,2022-04-30 09:23:49.525,,,110.0,34361.0
2022-04-26 09:02:16.27,22325,17009707,20220426,00:00,2022-05-03 09:11:15.127,,,82.0,80267.0
2022-04-27 09:01:55.815,22466,17086471,20220427,00:00,2022-05-04 09:13:13.366,,,141.0,76764.0
2022-04-28 09:02:00.054,22588,17143917,20220428,00:00,2022-05-05 09:26:29.55,,,122.0,57446.0
2022-04-29 09:03:59.658,22724,17194473,20220429,00:00,2022-05-05 09:26:15.183,,,136.0,50556.0
2022-04-30 09:17:39.409,22794,17237717,20220430,00:00,2022-05-07 09:21:13.949,,,70.0,43244.0
2022-05-01 09:15:03.496,22875,17275477,20220501,00:00,2022-05-07 09:20:49.891,,,81.0,37760.0
2022-05-02 09:01:12.093,22958,17295553,20220502,00:00,2022-05-07 09:20:27.275,,,83.0,20076.0
2022-05-03 09:08:23.319,23007,17346659,20220503,00:00,2022-05-10 10:09:55.309,,,49.0,51106.0
2022-05-04 09:11:34.915,23079,17395705,20220504,00:00,2022-05-11 09:03:27.014,,,72.0,49046.0
2022-05-05 09:23:43.381,23158,17437984,20220505,00:00,2022-05-12 09:06:57.564,,,79.0,42279.0
2022-05-06 08:06:00.523,23206,17464662,20220506,00:00,2022-05-13 09:11:27.572,,,48.0,26678.0
2022-05-07 09:18:40.439,23289,17504225,20220507,00:00,2022-05-14 10:35:34.039,,,83.0,39563.0
2022-05-08 09:02:00.163,23360,17544273,20220508,00:00,2022-05-14 10:35:16.208,,,71.0,40048.0
2022-05-09 09:06:19.774,23400,17564861,20220509,00:00,2022-05-14 10:34:58.518,,,40.0,20588.0
2022-05-10 09:02:38.129,23462,17614757,20220510,00:00,2022-05-17 09:06:40.689,,,62.0,49896.0
2022-05-11 09:01:52.873,23491,17658638,20220511,00:00,2022-05-19 17:38:10.681,,,29.0,43881.0
2022-05-12 09:05:26.458,23554,17694520,20220512,00:00,2022-05-19 17:37:18.336,,,63.0,35882.0
2022-05-13 09:09:51.89,23606,17726955,20220513,00:00,2022-05-20 09:06:42.817,,,52.0,32435.0
2022-05-14 09:46:39.377,23661,17756527,20220514,00:00,2022-05-21 08:48:13.125,,,55.0,29572.0
2022-05-15 09:27:15.538,23709,17781952,20220515,00:00,2022-05-21 08:47:54.484,,,48.0,25425.0
2022-05-16 09:04:43.174,23744,17795242,20220516,00:00,2022-05-21 08:47:40.875,,,35.0,13290.0
2022-05-17 09:04:52.287,23771,17830327,20220517,00:00,2022-05-24 09:18:48.656,,,27.0,35085.0
2022-05-18 08:58:30.377,23802,17861660,20220518,00:00,2022-05-25 09:05:49.683,,,31.0,31333.0
2022-05-19 09:07:11.841,23842,17889769,20220519,00:00,2022-05-26 09:16:54.036,,,40.0,28109.0
2022-05-20 09:02:54.987,23885,17914882,20220520,00:00,2022-05-27 09:04:41.621,,,43.0,25113.0
2022-05-21 08:39:51.786,23911,17938332,20220521,00:00,2022-05-28 09:10:27.211,,,26.0,23450.0
2022-05-22 07:52:40.527,23965,17957621,20220522,00:00,2022-05-28 09:10:20.33,,,54.0,19289.0
2022-05-23 08:56:56.412,23987,17967592,20220523,00:00,2022-05-28 09:10:13.674,,,22.0,9971.0
2022-05-24 08:49:38.261,24006,17993923,20220524,00:00,2022-05-31 08:58:44.451,,,19.0,26331.0
2022-05-25 09:02:44.294,24029,18017859,20220525,00:00,2022-06-01 09:08:25.254,,,23.0,23936.0
2022-05-26 09:13:37.732,24063,18036664,20220526,00:00,2022-06-01 09:08:19.164,,,34.0,18805.0
2022-05-27 09:03:34.444,24103,18053236,20220527,00:00,2022-06-03 09:11:10.578,,,40.0,16572.0
2022-05-28 09:09:18.909,24139,18067610,20220528,00:00,2022-06-04 09:00:06.316,,,36.0,14374.0
2022-05-29 09:05:28.382,24158,18080257,20220529,00:00,2022-06-04 08:59:51.863,,,19.0,12647.0
2022-05-30 09:01:30.847,24167,18086392,20220530,00:00,2022-06-04 08:59:37.203,,,9.0,6135.0
2022-05-31 08:55:39.977,24176,18103577,20220531,00:00,2022-06-04 08:59:23.637,,,9.0,17185.0
2022-06-01 09:07:30.461,24197,18119345,20220601,00:00,2022-06-08 09:12:05.316,,,21.0,15768.0
2022-06-02 08:58:19.746,24212,18129236,20220602,00:00,2022-06-08 09:11:51.985,,,15.0,9891.0
2022-06-03 09:08:18.729,24229,18141775,20220603,00:00,2022-06-08 09:11:38.938,,,17.0,12539.0
2022-06-04 08:56:49.219,24238,18153814,20220604,00:00,2022-06-08 09:11:26.303,,,9.0,12039.0
2022-06-05 08:53:19.426,24258,18163648,20220605,00:00,2022-06-08 09:11:04.758,,,20.0,9834.0
2022-06-06 09:00:06.734,24279,18168670,20220606,00:00,2022-06-08 09:10:50.441,,,21.0,5022.0
2022-06-07 09:09:00.897,24299,18174842,20220607,00:00,2022-06-08 09:10:36.846,,,20.0,6172.0
2022-06-08 09:09:05.982,24305,18188200,20220608,00:00,,,,6.0,13358.0
